Waktu,Tipe Kejadian,Kabupaten / Kota,Cuaca,Tingkatan
30/10/2025 07.00.00,Banjir,Pasuruan Kabupaten,Hujan Lebat,RENDAH
30/10/2025 06.00.00,Banjir,Situbondo Kabupaten,Hujan Lebat,RENDAH
28/10/2025 16.00.00,Banjir,Blitar Kabupaten,Hujan,RENDAH
28/10/2025 15.30.00,Banjir,Blitar Kota,Hujan,RENDAH
27/10/2025 03.00.00,Banjir,Gresik Kabupaten,Hujan Lebat,RENDAH
26/10/2025 18.00.00,Banjir,Bojonegoro Kabupaten,Hujan Sedang,RENDAH
25/10/2025 21.30.00,Banjir,Nganjuk Kabupaten,Hujan Lebat,RENDAH
25/10/2025 06.30.00,Banjir,Gresik Kabupaten,Hujan,RENDAH
24/10/2025 23.00.00,Banjir,Lumajang Kabupaten,Hujan,SEDANG
24/10/2025 18.30.00,Banjir,Jember Kabupaten,Hujan lebat,RENDAH
24/10/2025 18.00.00,Banjir,Jember Kabupaten,Hujan Lebat,RENDAH
24/10/2025 14.00.00,Banjir,Batu Kota,Hujan Lebat,RENDAH
23/10/2025 16.30.00,Banjir,Lamongan Kabupaten,Hujan,RENDAH
22/10/2025 17.30.00,Banjir,Pasuruan Kota,Hujan lebat,RENDAH
22/10/2025 16.00.00,Banjir,Pasuruan Kabupaten,Hujan Lebat,SEDANG
22/10/2025 16.00.00,Banjir,Mojokerto Kabupaten,Hujan Lebat,SEDANG
22/10/2025 13.00.00,Banjir,Gresik Kabupaten,Hujan Lebat,RENDAH
22/10/2025 13.00.00,Banjir,Malang Kota,Hujan Lebat,RENDAH
22/10/2025 12.50.00,Banjir,Mojokerto Kabupaten,Hujan Lebat,RENDAH
21/10/2025 16.12.58,Banjir,Bojonegoro Kabupaten,Hujan Sedang,RENDAH
15/10/2025 15.30.00,Banjir,Lumajang Kabupaten,Hujan,RENDAH
15/10/2025 15.00.00,Banjir,Batu Kota,Hujan,RENDAH
10/10/2025 15.30.00,Banjir,Malang Kota,Hujan Lebat,RENDAH
07/10/2025 16.00.00,Banjir,Batu Kota,Hujan Lebat,RENDAH
30/09/2025 17.00.00,Banjir,Lumajang Kabupaten,Hujan,RENDAH
20/09/2025 00.30.00,Banjir,Malang Kabupaten,Hujan,SEDANG
18/09/2025 18.30.00,Banjir,Lumajang Kabupaten,Hujan Lebat,RENDAH
17/09/2025 17.00.00,Banjir,Lumajang Kabupaten,Hujan Lebat,RENDAH
10/09/2025 11.00.00,Banjir,Jember Kabupaten,Hujan Lebat,RENDAH
10/09/2025 07.00.00,Banjir,Lumajang Kabupaten,Hujan Lebat,RENDAH
20/08/2025 15.48.00,Banjir,Pacitan Kabupaten,Hujan Lebat,SEDANG
19/08/2025 19.00.00,Banjir,Lumajang Kabupaten,Hujan Sedang - Lebat,RENDAH
19/08/2025 17.30.00,Banjir,Trenggalek Kabupaten,Hujan Sedang - Lebat,RENDAH
19/08/2025 17.00.00,Banjir,Mojokerto Kabupaten,Hujan Lebat,RENDAH
19/08/2025 15.00.00,Banjir,Lumajang Kabupaten,Hujan,RENDAH
05/08/2025 19.10.00,Banjir,Mojokerto Kabupaten,Cerah Berawan,RENDAH
04/08/2025 15.30.00,Banjir,Batu Kota,Hujan Lebat,RENDAH
28/07/2025 20.00.00,Banjir,Lumajang Kabupaten,Hujan Lebat,SEDANG
14/07/2025 17.20.00,Banjir,Lamongan Kabupaten,Hujan Lebat,RENDAH
07/07/2025 14.00.00,Banjir,Bangkalan Kabupaten,Hujan Lebat,SEDANG
03/07/2025 15.50.00,Banjir,Batu Kota,Hujan Lebat,RENDAH
29/06/2025 09.00.00,Banjir,Bondowoso Kabupaten,Berawan,RENDAH
29/06/2025 05.00.00,Banjir,Trenggalek Kabupaten,Cerah Berawan,RENDAH
28/06/2025 22.00.00,Banjir Bandang,Jember Kabupaten,Hujan Lebat,SEDANG
28/06/2025 06.30.00,Banjir,Pacitan Kabupaten,Hujan,RENDAH
28/06/2025 06.30.00,Banjir,Trenggalek Kabupaten,Hujan,RENDAH
17/06/2025 02.00.00,Banjir,Sampang Kabupaten,Hujan,RENDAH
16/06/2025 22.00.00,Banjir,Pasuruan Kabupaten,Hujan Lebat,RENDAH
16/06/2025 21.00.00,Banjir,Sidoarjo Kabupaten,Hujan Lebat,RENDAH
15/06/2025 19.10.00,Banjir,Nganjuk Kabupaten,Cerah,RENDAH
14/06/2025 16.30.00,Banjir,Blitar Kabupaten,Hujan lebat,SEDANG
13/06/2025 18.30.00,Banjir,Malang Kabupaten,Hujan,RENDAH
09/06/2025 19.00.00,Banjir,Gresik Kabupaten,Hujan,RENDAH
09/06/2025 10.00.00,Banjir,Tuban Kabupaten,Hujan,RENDAH
09/06/2025 05.00.00,Banjir,Jombang Kabupaten,Hujan Ringan,SEDANG
09/06/2025 05.00.00,Banjir,Lamongan Kabupaten,Berawan,SEDANG
09/06/2025 05.00.00,Banjir,Gresik Kabupaten,Cerah berawan - Hujan Sedang,TINGGI
09/06/2025 04.30.00,Banjir,Sidoarjo Kabupaten,Cerah Berawan,RENDAH
09/06/2025 04.00.00,Banjir,Gresik Kabupaten,Hujan,RENDAH
09/06/2025 02.30.00,Banjir,Mojokerto Kabupaten,Hujan Ringan,SEDANG
09/06/2025 02.30.00,Banjir,Mojokerto Kabupaten,Hujan Lebat,SEDANG
05/06/2025 01.00.00,Banjir,Trenggalek Kabupaten,Hujan Lebat,RENDAH
04/06/2025 23.00.00,Banjir,Tulungagung Kabupaten,Hujan Sedang - Lebat,RENDAH
04/06/2025 00.00.00,Banjir,Tulungagung Kabupaten,Hujan,RENDAH
31/05/2025 15.00.00,Banjir,Gresik Kabupaten,Hujan Lebat,RENDAH
29/05/2025 10.00.00,Banjir Rob,Sampang Kabupaten,Cerah,RENDAH
29/05/2025 09.00.00,Banjir Rob,Pasuruan Kota,Berawan,RENDAH
29/05/2025 08.00.00,Banjir Rob,Surabaya Kota,Cerah,RENDAH
28/05/2025 10.00.00,Banjir Rob,Probolinggo Kabupaten,Cerah Berawan,RENDAH
28/05/2025 10.00.00,Banjir Rob,Sampang Kabupaten,Cerah Berawan,RENDAH
28/05/2025 09.00.00,Banjir Rob,Gresik Kabupaten,Cerah,RENDAH
28/05/2025 09.00.00,Banjir Rob,Pasuruan Kota,Cerah,RENDAH
27/05/2025 08.30.00,Banjir Rob,Pasuruan Kota,Berawan,RENDAH
25/05/2025 13.00.00,Banjir,Banyuwangi Kabupaten,Hujan,RENDAH
24/05/2025 22.30.00,Banjir,Pasuruan Kabupaten,Hujan Lebat,SEDANG
24/05/2025 01.00.00,Banjir,Probolinggo Kota,Hujan,RENDAH
22/05/2025 19.00.00,Banjir dan Tanah Longsor,Malang Kabupaten,Hujan lebat,SEDANG
21/05/2025 12.37.38,Banjir,Bojonegoro Kabupaten,Hujan Lebat,SEDANG
21/05/2025 05.00.00,Banjir,Tulungagung Kabupaten,Hujan lebat,RENDAH
19/05/2025 19.39.00,Banjir,Pasuruan Kota,Hujan Lebat,RENDAH
19/05/2025 19.10.00,Banjir,Trenggalek Kabupaten,Hujan Lebat,SEDANG
19/05/2025 18.30.00,Banjir,Trenggalek Kabupaten,Hujan Lebat,TINGGI
19/05/2025 17.05.00,Banjir,Lamongan Kabupaten,Hujan Lebat,RENDAH
19/05/2025 16.20.00,Banjir,Kediri Kabupaten,Hujan Lebat,RENDAH
19/05/2025 16.00.00,Banjir,Tuban Kabupaten,Hujan,RENDAH
19/05/2025 15.30.00,Banjir,Batu Kota,Hujan Lebat,RENDAH
19/05/2025 10.15.00,Banjir,Trenggalek Kabupaten,Hujan,RENDAH
18/05/2025 10.00.00,Banjir,Gresik Kabupaten,Hujan,SEDANG
18/05/2025 10.00.00,Banjir,Lamongan Kabupaten,Hujan Lebat,SEDANG
17/05/2025 21.00.00,Banjir,Tuban Kabupaten,Hujan,SEDANG
17/05/2025 16.30.00,Banjir,Nganjuk Kabupaten,Hujan,RENDAH
17/05/2025 15.30.00,Banjir dan Tanah Longsor,Ponorogo Kabupaten,Hujan Sedang,RENDAH
17/05/2025 13.00.00,Banjir,Trenggalek Kabupaten,Hujan,SEDANG
17/05/2025 12.00.00,Banjir Rob,Gresik Kabupaten,Hujan,RENDAH
17/05/2025 11.00.00,Banjir,Bojonegoro Kabupaten,Hujan Ringan,SEDANG
17/05/2025 03.00.00,Banjir,Bojonegoro Kabupaten,Hujan Lebat,SEDANG
17/05/2025 03.00.00,Banjir,Sampang Kabupaten,Hujan Lebat,SEDANG
17/05/2025 03.00.00,Banjir,Jombang Kabupaten,Hujan lebat,SEDANG
16/05/2025 18.00.00,Banjir Bandang,Kediri Kabupaten,Hujan Lebat,SEDANG
15/05/2025 20.53.54,Banjir,Tulungagung Kabupaten,Hujan Lebat,RENDAH
15/05/2025 16.00.00,Banjir,Blitar Kota,Hujan Sedang - Lebat,SEDANG
15/05/2025 16.00.00,Banjir dan Tanah Longsor,Ponorogo Kabupaten,Hujan Lebat,RENDAH
15/05/2025 03.00.00,Banjir,Lamongan Kabupaten,Hujan lebat,RENDAH
14/05/2025 19.15.00,Banjir,Jombang Kabupaten,Hujan Sedang,RENDAH
14/05/2025 15.30.00,Banjir,Tulungagung Kabupaten,Hujan Sedang,RENDAH
14/05/2025 15.30.00,Banjir,Kediri Kabupaten,Hujan Lebat,SEDANG
14/05/2025 15.20.00,Banjir,Blitar Kota,Hujan Sedang,RENDAH
13/05/2025 22.30.00,Banjir,Tulungagung Kabupaten,Hujan,RENDAH
13/05/2025 21.00.00,Banjir,Sumenep Kabupaten,Hujan Lebat,SEDANG
13/05/2025 19.50.00,Banjir,Pasuruan Kabupaten,Hujan Lebat,RENDAH
13/05/2025 19.00.00,Banjir,Jombang Kabupaten,Hujan Sedang,RENDAH
13/05/2025 16.40.00,Banjir,Tulungagung Kabupaten,Hujan Lebat,RENDAH
13/05/2025 14.00.00,Banjir,Lumajang Kabupaten,Hujan,SEDANG
13/05/2025 13.30.00,Banjir,Pamekasan Kabupaten,Hujan Lebat,RENDAH
13/05/2025 12.00.00,Banjir,Sumenep Kabupaten,Hujan Lebat,RENDAH
13/05/2025 07.00.00,Banjir,Jombang Kabupaten,Berawan,SEDANG
12/05/2025 18.30.00,Banjir,Pasuruan Kota,Hujan,RENDAH
12/05/2025 16.45.00,Banjir,Pasuruan Kabupaten,Hujan,SEDANG
12/05/2025 16.45.00,Banjir,Pacitan Kabupaten,Hujan,RENDAH
12/05/2025 16.00.00,Banjir,Mojokerto Kabupaten,Hujan Sedang,SEDANG
12/05/2025 15.00.00,Banjir,Blitar Kota,hujan,RENDAH
12/05/2025 14.30.00,Banjir,Jombang Kabupaten,Hujan,RENDAH
12/05/2025 10.30.00,Banjir,Sampang Kabupaten,Cerah Berawan,SEDANG
12/05/2025 03.45.00,Banjir,Pamekasan Kabupaten,Hujan Lebat,TINGGI
12/05/2025 00.30.00,Banjir,Sidoarjo Kabupaten,Hujan Lebat,TINGGI
11/05/2025 20.00.00,Banjir,Madiun Kabupaten,Berawan - Hujan Ringan - Lebat,SEDANG
11/05/2025 11.00.00,Banjir,Bojonegoro Kabupaten,Hujan Lebat,SEDANG
10/05/2025 18.50.00,Banjir,Bondowoso Kabupaten,Hujan Sedang - Lebat,RENDAH
09/05/2025 16.00.00,Banjir,Malang Kabupaten,Hujan Lebat,RENDAH
09/05/2025 16.00.00,Banjir,Ponorogo Kabupaten,Hujan Sedang - Lebat,RENDAH
09/05/2025 15.30.00,Banjir,Blitar Kabupaten,Hujan Lebat,RENDAH
09/05/2025 15.30.00,Banjir,Blitar Kabupaten,Hujan Lebat,RENDAH
28/04/2025 18.00.00,Banjir Rob,Probolinggo Kabupaten,Cerah,SEDANG
18/04/2025 12.00.00,Banjir Rob,Situbondo Kabupaten,Berawan,RENDAH
18/04/2025 11.00.00,Banjir,Malang Kabupaten,Hujan,RENDAH
15/04/2025 13.00.00,Banjir,Sampang Kabupaten,Hujan Lebat,RENDAH
14/04/2025 07.28.00,Banjir,Pacitan Kabupaten,Cerah,RENDAH
13/04/2025 14.30.00,Banjir,Pamekasan Kabupaten,Hujan Lebat,RENDAH
12/04/2025 12.00.00,Banjir,Pamekasan Kabupaten,Hujan Lebat,RENDAH
11/04/2025 17.40.00,Banjir,Pasuruan Kota,Hujan Sedang,RENDAH
11/04/2025 17.30.00,Banjir,Pasuruan Kabupaten,Hujan Lebat,RENDAH
08/04/2025 19.00.00,Banjir,Lumajang Kabupaten,Hujan Lebat,RENDAH
03/04/2025 22.00.00,Banjir,Pamekasan Kabupaten,Hujan Lebat,RENDAH
03/04/2025 17.00.00,Banjir,Pasuruan Kabupaten,Hujan Lebat,SEDANG
03/04/2025 15.19.00,Banjir,Surabaya Kota,Hujan Lebat,RENDAH
02/04/2025 22.00.00,Banjir,Pasuruan Kabupaten,Hujan,RENDAH
02/04/2025 19.00.00,Banjir,Jombang Kabupaten,Hujan,SEDANG
02/04/2025 19.00.00,Banjir,Madiun Kabupaten,Hujan Lebat,RENDAH
02/04/2025 13.00.00,Banjir,Kediri Kabupaten,Hujan Lebat,SEDANG
01/04/2025 16.30.00,Banjir,Sidoarjo Kabupaten,Hujan,RENDAH
01/04/2025 15.30.00,Banjir,Pasuruan Kabupaten,Hujan Lebat,SEDANG
29/03/2025 22.45.00,Banjir,Madiun Kabupaten,Hujan Sedang,RENDAH
29/03/2025 07.00.00,Banjir,Magetan Kabupaten,Berawan,SEDANG
29/03/2025 04.50.00,Banjir,Ngawi Kabupaten,Hujan,SEDANG
28/03/2025 21.00.00,Banjir,Ponorogo Kabupaten,Hujan Sedang,RENDAH
28/03/2025 19.00.00,Banjir,Ponorogo Kabupaten,Hujan Sedang - Lebat,SEDANG
28/03/2025 17.50.00,Banjir,Pasuruan Kota,Hujan,SEDANG
28/03/2025 16.00.00,Banjir,Ponorogo Kabupaten,Berawan,RENDAH
28/03/2025 15.00.00,Banjir,Pasuruan Kabupaten,Hujan Sedang,SEDANG
28/03/2025 15.00.00,Banjir,Pasuruan Kabupaten,Hujan Sedang,RENDAH
27/03/2025 17.00.00,Banjir,Tulungagung Kabupaten,Hujan Sedang,RENDAH
27/03/2025 16.00.00,Banjir,Lumajang Kabupaten,Hujan lebat,RENDAH
26/03/2025 19.00.00,Banjir,Probolinggo Kabupaten,Hujan Lebat,RENDAH
19/03/2025 16.30.00,Banjir,Tuban Kabupaten,Hujan Lebat,RENDAH
17/03/2025 20.30.00,Banjir,Ponorogo Kabupaten,Hujan sedang - lebat,SEDANG
17/03/2025 20.00.00,Banjir,Pasuruan Kabupaten,Hujan,SEDANG
17/03/2025 20.00.00,Banjir,Ponorogo Kabupaten,Hujan Sedang,SEDANG
17/03/2025 19.30.00,Banjir,Ponorogo Kabupaten,Hujan Sedang - Tinggi,RENDAH
17/03/2025 19.30.00,Banjir dan Tanah Longsor,Ponorogo Kabupaten,Berawan - Hujan,RENDAH
16/03/2025 23.30.00,Banjir,Bojonegoro Kabupaten,Hujan Lebat,SEDANG
16/03/2025 18.41.00,Banjir,Surabaya Kota,Hujan Lebat,RENDAH
16/03/2025 18.20.00,Banjir,Pasuruan Kota,Hujan Lebat,RENDAH
16/03/2025 16.30.00,Banjir,Sidoarjo Kabupaten,Hujan Lebat,RENDAH
16/03/2025 16.00.00,Banjir,Jember Kabupaten,Hujan Lebat,RENDAH
16/03/2025 15.30.00,Banjir,Jember Kabupaten,Hujan Lebat,SEDANG
16/03/2025 05.30.00,Banjir,Madiun Kabupaten,Hujan Lebat,RENDAH
15/03/2025 22.00.00,Banjir,Bojonegoro Kabupaten,Hujan Lebat,SEDANG
15/03/2025 21.00.00,Banjir,Gresik Kabupaten,Hujan Lebat,SEDANG
15/03/2025 20.00.00,Banjir,Surabaya Kota,Hujan lebat,RENDAH
15/03/2025 19.47.00,Banjir,Madiun Kabupaten,Hujan Lebat,RENDAH
15/03/2025 19.47.00,Banjir,Madiun Kabupaten,Hujan Lebat,RENDAH
15/03/2025 19.47.00,Banjir,Madiun Kabupaten,Hujan Lebat,RENDAH
15/03/2025 19.00.00,Banjir,Gresik Kabupaten,Hujan Lebat,RENDAH
15/03/2025 19.00.00,Banjir,Gresik Kabupaten,Cerah,RENDAH
15/03/2025 18.30.00,Banjir,Pasuruan Kabupaten,Hujan Lebat,RENDAH
15/03/2025 18.30.00,Banjir,Pasuruan Kabupaten,Hujan Sedang - Lebat,RENDAH
15/03/2025 17.30.00,Banjir,Tuban Kabupaten,Hujan Lebat,RENDAH
15/03/2025 17.15.00,Banjir,Trenggalek Kabupaten,Hujan lebat,RENDAH
15/03/2025 17.00.00,Banjir,Pasuruan Kota,Hujan lebat,RENDAH
15/03/2025 16.10.00,Banjir,Madiun Kota,Hujan lebat,RENDAH
15/03/2025 15.43.00,Banjir,Bondowoso Kabupaten,Hujan lebat,RENDAH
15/03/2025 14.45.00,Banjir,Trenggalek Kabupaten,Hujan Sedang - Tinggi,RENDAH
14/03/2025 21.30.00,Banjir,Nganjuk Kabupaten,Cerah Berawan,RENDAH
14/03/2025 18.15.00,Banjir,Tulungagung Kabupaten,Hujan Lebat,RENDAH
12/03/2025 23.00.00,Banjir,Situbondo Kabupaten,Hujan Lebat,RENDAH
12/03/2025 19.17.00,Banjir Bandang,Bondowoso Kabupaten,Hujan Sangat Lebat,SEDANG
12/03/2025 19.00.00,Banjir,Pasuruan Kabupaten,Hujan Lebat,RENDAH
11/03/2025 20.10.00,Banjir,Pasuruan Kabupaten,Hujan Sedang,RENDAH
10/03/2025 16.00.00,Banjir,Tuban Kabupaten,Hujan,RENDAH
10/03/2025 15.00.00,Banjir,Probolinggo Kabupaten,Hujan Lebat,SEDANG
10/03/2025 12.00.00,Banjir,Sumenep Kabupaten,Hujan Lebat,RENDAH
10/03/2025 09.00.00,Banjir,Magetan Kabupaten,Hujan,RENDAH
10/03/2025 01.00.00,Banjir,Lamongan Kabupaten,Hujan Lebat,RENDAH
09/03/2025 03.00.00,Banjir,Lamongan Kabupaten,Hujan Sedang - Lebat,RENDAH
09/03/2025 03.00.00,Banjir,Tuban Kabupaten,Hujan Sedang - Lebat,RENDAH
08/03/2025 15.30.00,Banjir,Pamekasan Kabupaten,Hujan Lebat,SEDANG
08/03/2025 12.30.00,Banjir,Batu Kota,Hujan Lebat,RENDAH
07/03/2025 23.00.00,Banjir,Nganjuk Kabupaten,Hujan Sedang,RENDAH
07/03/2025 19.00.00,Banjir,Gresik Kabupaten,Hujan Lebat,RENDAH
07/03/2025 19.00.00,Banjir Bandang,Bojonegoro Kabupaten,Hujan Lebat,SEDANG
07/03/2025 17.00.00,Banjir,Nganjuk Kabupaten,Hujan Lebat,RENDAH
07/03/2025 13.00.00,Banjir,Pamekasan Kabupaten,Hujan Lebat,SEDANG
06/03/2025 23.55.00,Banjir,Pasuruan Kota,Hujan Lebat,RENDAH
06/03/2025 23.00.00,Banjir,Nganjuk Kabupaten,Hujan,RENDAH
06/03/2025 21.48.42,Banjir,Jombang Kabupaten,Hujan Lebat,RENDAH
06/03/2025 21.30.00,Banjir,Pasuruan Kabupaten,Hujan Lebat,RENDAH
06/03/2025 21.20.00,Banjir,Sampang Kabupaten,Hujan,SEDANG
06/03/2025 21.00.00,Banjir,Nganjuk Kabupaten,Hujan Lebat,RENDAH
06/03/2025 21.00.00,Banjir,Nganjuk Kabupaten,Hujan Lebat,RENDAH
06/03/2025 19.00.00,Banjir,Bojonegoro Kabupaten,Hujan lebat,TINGGI
01/03/2025 20.00.00,Banjir,Nganjuk Kabupaten,Cerah Berawan,RENDAH
01/03/2025 04.00.00,Banjir,Ngawi Kabupaten,Hujan Lebat,SEDANG
28/02/2025 23.00.00,Banjir,Mojokerto Kabupaten,Hujan Sedang,SEDANG
28/02/2025 21.00.00,Banjir,Gresik Kabupaten,Hujan Lebat,SEDANG
28/02/2025 20.00.00,Banjir,Jombang Kabupaten,Hujan Lebat,RENDAH
28/02/2025 20.00.00,Banjir,Nganjuk Kabupaten,Hujan Lebat,RENDAH
28/02/2025 19.00.00,Banjir,Pasuruan Kabupaten,Hujan Lebat,RENDAH
28/02/2025 18.00.00,Banjir,Situbondo Kabupaten,Hujan Lebat,RENDAH
28/02/2025 17.00.00,Banjir,Jombang Kabupaten,Hujan Sedang - Lebat,RENDAH
28/02/2025 12.08.00,Banjir Bandang,Kediri Kabupaten,Hujan Lebat,RENDAH
28/02/2025 02.05.00,Banjir,Mojokerto Kabupaten,Hujan Lebat,SEDANG
27/02/2025 13.25.00,Banjir,Gresik Kabupaten,Hujan Ringan,SEDANG
26/02/2025 20.20.00,Banjir,Lamongan Kabupaten,Hujan Lebat,SEDANG
26/02/2025 17.00.00,Banjir,Tuban Kabupaten,Hujan,SEDANG
26/02/2025 13.00.00,Banjir,Pamekasan Kabupaten,Hujan,RENDAH
26/02/2025 07.00.00,Banjir,Jombang Kabupaten,Hujan Lebat,SEDANG
26/02/2025 05.00.00,Banjir,Bojonegoro Kabupaten,Hujan Lebat,TINGGI
25/02/2025 20.00.00,Banjir,Madiun Kabupaten,Berawan,RENDAH
25/02/2025 19.34.17,Banjir,Mojokerto Kabupaten,Hujan Ringan,SEDANG
25/02/2025 06.08.35,Banjir,Bojonegoro Kabupaten,Berawan,RENDAH
24/02/2025 20.00.00,Banjir,Gresik Kabupaten,Hujan,TINGGI
24/02/2025 19.00.00,Banjir,Jombang Kabupaten,Hujan Lebat,RENDAH
24/02/2025 19.00.00,Banjir,Jombang Kabupaten,Hujan lebat,RENDAH
24/02/2025 18.05.00,Banjir,Mojokerto Kabupaten,Hujan lebat,SEDANG
24/02/2025 18.00.00,Banjir,Gresik Kabupaten,Hujan Lebat,TINGGI
24/02/2025 17.00.00,Banjir,Mojokerto Kabupaten,Hujan Lebat,SEDANG
24/02/2025 16.00.00,Banjir,Mojokerto Kabupaten,Hujan Sedang,RENDAH
24/02/2025 16.00.00,Banjir,Trenggalek Kabupaten,Hujan Lebat,SEDANG
24/02/2025 16.00.00,Banjir,Lamongan Kabupaten,Hujan Lebat,RENDAH
24/02/2025 16.00.00,Banjir,Bojonegoro Kabupaten,Hujan Lebat,RENDAH
24/02/2025 15.30.00,Banjir,Pacitan Kabupaten,Berawan,RENDAH
24/02/2025 15.00.00,Banjir,Sidoarjo Kabupaten,Hujan Lebat,TINGGI
24/02/2025 14.00.00,Banjir,Jember Kabupaten,Hujan Sedang - Lebat,RENDAH
24/02/2025 12.00.00,Banjir,Pasuruan Kabupaten,Hujan Sedang - Lebat,TINGGI
23/02/2025 14.30.00,Banjir,Pasuruan Kabupaten,Hujan Ringan,RENDAH
23/02/2025 14.30.00,Banjir,Pasuruan Kabupaten,Hujan Lebat,RENDAH
22/02/2025 14.30.00,Banjir,Tulungagung Kabupaten,Hujan,RENDAH
22/02/2025 14.00.00,Banjir,Batu Kota,Hujan Lebat,RENDAH
22/02/2025 14.00.00,Banjir,Pasuruan Kabupaten,Hujan,SEDANG
22/02/2025 14.00.00,Banjir,Probolinggo Kabupaten,Hujan,RENDAH
20/02/2025 20.00.00,Banjir,Sidoarjo Kabupaten,Hujan lebat,RENDAH
19/02/2025 21.00.00,Banjir,Pasuruan Kabupaten,Hujan Lebat,RENDAH
18/02/2025 18.00.00,Banjir,Pasuruan Kota,Hujan Lebat,RENDAH
17/02/2025 16.30.00,Banjir,Blitar Kabupaten,Hujan,RENDAH
17/02/2025 16.00.00,Banjir,Banyuwangi Kabupaten,Hujan,RENDAH
17/02/2025 15.00.00,Banjir,Pasuruan Kabupaten,Cerah Berawan,RENDAH
17/02/2025 14.00.00,Banjir,Pasuruan Kabupaten,Hujan,RENDAH
16/02/2025 14.30.00,Banjir,Tulungagung Kabupaten,Hujan sedang - lebat,RENDAH
10/02/2025 10.30.00,Banjir Rob,Gresik Kabupaten,Berawan,RENDAH
07/02/2025 15.00.00,Banjir,Batu Kota,Hujan Lebat,RENDAH
06/02/2025 17.00.00,Banjir,Situbondo Kabupaten,Hujan Lebat,RENDAH
05/02/2025 21.30.00,Banjir,Probolinggo Kabupaten,Hujan,RENDAH
05/02/2025 21.00.00,Banjir,Probolinggo Kabupaten,Hujan,SEDANG
05/02/2025 20.00.00,Banjir,Situbondo Kabupaten,Hujan,RENDAH
05/02/2025 17.00.00,Banjir,Situbondo Kabupaten,Hujan,RENDAH
05/02/2025 13.00.00,Banjir Rob,Trenggalek Kabupaten,Berawan,RENDAH
03/02/2025 17.30.00,Banjir dan Tanah Longsor,Bondowoso Kabupaten,Hujan Sedang,TINGGI
03/02/2025 17.00.00,Banjir,Situbondo Kabupaten,Hujan Sedang - Lebat,SEDANG
03/02/2025 15.00.00,Banjir Bandang,Situbondo Kabupaten,Hujan Lebat,SEDANG
02/02/2025 19.00.00,Banjir,Bondowoso Kabupaten,Hujan Lebat,SEDANG
29/01/2025 22.00.00,Banjir Rob,Situbondo Kabupaten,Berawan,RENDAH
29/01/2025 16.30.00,Banjir,Kediri Kabupaten,Hujan Lebat,SEDANG
28/01/2025 17.00.00,Banjir,Banyuwangi Kabupaten,Hujan Lebat,SEDANG
28/01/2025 13.00.00,Banjir,Nganjuk Kabupaten,Hujan,RENDAH
27/01/2025 21.00.00,Banjir,Magetan Kabupaten,Hujan Sedang - Lebat,RENDAH
27/01/2025 17.00.00,Banjir,Ngawi Kabupaten,Hujan Sedang,RENDAH
27/01/2025 16.15.00,Banjir,Jombang Kabupaten,Hujan Lebat,SEDANG
27/01/2025 15.30.00,Banjir dan Tanah Longsor,Madiun Kabupaten,Hujan Lebat,SEDANG
27/01/2025 15.00.00,Banjir,Bojonegoro Kabupaten,Hujan Lebat,SEDANG
27/01/2025 14.30.00,Banjir,Magetan Kabupaten,Hujan Sedang,RENDAH
27/01/2025 14.00.00,Banjir,Malang Kabupaten,Hujan Lebat,RENDAH
27/01/2025 14.00.00,Banjir,Pasuruan Kota,Hujan Lebat,SEDANG
27/01/2025 13.00.00,Banjir,Nganjuk Kabupaten,Hujan Sedang,RENDAH
26/01/2025 20.30.00,Banjir,Tuban Kabupaten,Hujan Lebat,RENDAH
26/01/2025 07.00.00,Banjir,Pasuruan Kota,Hujan,SEDANG
25/01/2025 18.00.00,Banjir,Sidoarjo Kabupaten,Hujan Lebat,RENDAH
25/01/2025 15.00.00,Banjir,Sampang Kabupaten,Hujan,RENDAH
25/01/2025 11.30.00,Banjir,Pamekasan Kabupaten,Hujan Lebat,RENDAH
24/01/2025 19.00.00,Banjir,Malang Kabupaten,Hujan Ringan,RENDAH
24/01/2025 14.00.00,Banjir,Malang Kabupaten,Hujan Lebat,SEDANG
23/01/2025 19.00.00,Banjir,Gresik Kabupaten,Hujan Lebat,SEDANG
23/01/2025 14.28.00,Banjir,Bondowoso Kabupaten,Cerah Berawan,RENDAH
23/01/2025 13.25.00,Banjir,Situbondo Kabupaten,Hujan,RENDAH
23/01/2025 10.40.00,Banjir,Lamongan Kabupaten,Cerah Berawan,SEDANG
23/01/2025 03.00.00,Banjir,Mojokerto Kabupaten,Berawan,SEDANG
22/01/2025 23.00.00,Banjir,Jombang Kabupaten,Hujan Lebat,SEDANG
22/01/2025 19.42.00,Banjir,Batu Kota,Hujan Lebat,RENDAH
22/01/2025 18.00.00,Banjir,Blitar Kabupaten,Hujan Lebat,RENDAH
22/01/2025 16.00.00,Banjir,Nganjuk Kabupaten,Hujan Sedang,RENDAH
22/01/2025 10.30.00,Banjir,Batu Kota,Hujan Lebat,RENDAH
22/01/2025 10.30.00,Banjir,Batu Kota,Hujan lebat,RENDAH
22/01/2025 05.10.00,Banjir,Lamongan Kabupaten,Hujan Lebat,SEDANG
22/01/2025 02.30.00,Banjir,Batu Kota,Hujan Lebat,RENDAH
22/01/2025 02.00.00,Banjir,Bojonegoro Kabupaten,Hujan Lebat,SEDANG
21/01/2025 22.10.00,Banjir,Jombang Kabupaten,Hujan Lebat,RENDAH
21/01/2025 22.00.00,Banjir,Sumenep Kabupaten,Hujan Lebat,RENDAH
21/01/2025 21.34.42,Banjir,Blitar Kota,Hujan Lebat,RENDAH
21/01/2025 20.30.00,Banjir,Tulungagung Kabupaten,Hujan Lebat,RENDAH
21/01/2025 19.00.56,Banjir,Ponorogo Kabupaten,Hujan Lebat,RENDAH
21/01/2025 18.15.00,Banjir,Blitar Kota,Hujan Lebat,RENDAH
21/01/2025 17.00.00,Banjir,Jombang Kabupaten,Hujan Lebat,SEDANG
21/01/2025 17.00.00,Banjir,Ponorogo Kabupaten,Hujan Lebat,SEDANG
21/01/2025 10.20.00,Banjir,Bangkalan Kabupaten,Hujan Lebat,SEDANG
21/01/2025 03.00.00,Banjir,Ngawi Kabupaten,Hujan Lebat,SEDANG
21/01/2025 01.00.00,Banjir,Jombang Kabupaten,Hujan,RENDAH
21/01/2025 01.00.00,Banjir,Bangkalan Kabupaten,Hujan Lebat,SEDANG
20/01/2025 19.30.00,Banjir,Pasuruan Kabupaten,Hujan Lebat,RENDAH
20/01/2025 18.15.00,Banjir,Jember Kabupaten,Hujan,RENDAH
20/01/2025 17.30.00,Banjir,Probolinggo Kabupaten,Berawan,RENDAH
20/01/2025 16.30.00,Banjir,Pasuruan Kota,Hujan Sedang,SEDANG
20/01/2025 04.30.00,Banjir,Probolinggo Kota,Hujan Lebat,RENDAH
20/01/2025 03.00.00,Banjir,Jombang Kabupaten,Cerah,RENDAH
19/01/2025 19.00.00,Banjir,Jombang Kabupaten,Hujan Lebat,SEDANG
19/01/2025 16.00.00,Banjir,Jombang Kabupaten,Hujan Sedang,RENDAH
19/01/2025 13.00.00,Banjir,Jember Kabupaten,Hujan Sedang - Lebat,SEDANG
19/01/2025 00.00.00,Banjir,Mojokerto Kabupaten,Hujan Lebat,RENDAH
17/01/2025 20.00.00,Banjir,Probolinggo Kota,Hujan Lebat,RENDAH
17/01/2025 14.20.00,Banjir,Lumajang Kabupaten,Hujan Lebat,RENDAH
16/01/2025 05.30.00,Banjir,Probolinggo Kota,Hujan Lebat,RENDAH
16/01/2025 01.00.00,Banjir,Pasuruan Kabupaten,Hujan,SEDANG
15/01/2025 22.00.00,Banjir,Sidoarjo Kabupaten,Hujan Sedang,SEDANG
15/01/2025 04.00.00,Banjir,Bangkalan Kabupaten,Hujan Lebat,RENDAH
15/01/2025 03.00.00,Banjir,Ngawi Kabupaten,Hujan Lebat,SEDANG
14/01/2025 23.00.00,Banjir Rob,Gresik Kabupaten,Hujan,RENDAH
14/01/2025 21.30.00,Banjir,Madiun Kabupaten,Hujan Lebat,RENDAH
14/01/2025 19.00.00,Banjir,Sidoarjo Kabupaten,Hujan Lebat,SEDANG
14/01/2025 18.00.00,Banjir,Ponorogo Kabupaten,Hujan Lebat,RENDAH
14/01/2025 17.00.00,Banjir,Malang Kabupaten,Hujan,RENDAH
14/01/2025 16.00.00,Banjir,Kediri Kabupaten,Hujan Lebat,RENDAH
14/01/2025 15.00.00,Banjir,Malang Kota,Hujan Lebat,RENDAH
11/01/2025 16.00.00,Banjir,Gresik Kabupaten,Hujan Lebat,RENDAH
11/01/2025 13.30.00,Banjir,Kediri Kabupaten,Hujan Lebat,SEDANG
09/01/2025 16.20.00,Banjir,Probolinggo Kabupaten,Hujan Lebat,RENDAH
09/01/2025 15.00.00,Banjir Bandang,Bondowoso Kabupaten,Hujan Lebat,SEDANG
08/01/2025 21.00.00,Banjir,Ponorogo Kabupaten,Hujan,RENDAH
08/01/2025 10.00.00,Banjir,Lumajang Kabupaten,Berawan,SEDANG
07/01/2025 19.30.00,Banjir,Madiun Kabupaten,Hujan Sedang,RENDAH
07/01/2025 17.00.00,Banjir,Mojokerto Kabupaten,Hujan Sedang,RENDAH
07/01/2025 16.30.00,Banjir,Madiun Kabupaten,Hujan,RENDAH
07/01/2025 13.40.00,Banjir dan Tanah Longsor,Blitar Kota,Hujan Lebat,SEDANG
06/01/2025 17.00.00,Banjir,Tuban Kabupaten,Hujan Lebat,SEDANG
06/01/2025 16.00.00,Banjir,Jombang Kabupaten,Hujan Lebat,SEDANG
06/01/2025 14.00.00,Banjir,Malang Kabupaten,Hujan Lebat,SEDANG
04/01/2025 16.00.00,Banjir,Tuban Kabupaten,Hujan lebat,RENDAH
04/01/2025 15.42.00,Banjir,Pasuruan Kabupaten,Hujan Lebat,RENDAH
04/01/2025 13.30.00,Banjir,Jember Kabupaten,Hujan Lebat,SEDANG
02/01/2025 18.00.00,Banjir,Trenggalek Kabupaten,Hujan Sedang,RENDAH
02/01/2025 17.20.00,Banjir,Pacitan Kabupaten,Hujan Sedang,RENDAH
02/01/2025 15.00.00,Banjir,Sidoarjo Kabupaten,Hujan Sedang,RENDAH
02/01/2025 11.00.00,Banjir,Sumenep Kabupaten,Hujan Lebat,RENDAH
02/01/2025 10.00.00,Banjir,Pasuruan Kabupaten,Hujan Lebat,SEDANG
02/01/2025 09.00.00,Banjir,Gresik Kabupaten,Hujan Lebat,SEDANG
01/01/2025 19.45.00,Banjir,Situbondo Kabupaten,Hujan Lebat,RENDAH
01/01/2025 16.10.00,Banjir,Batu Kota,Hujan Lebat,RENDAH
31/12/2024 18.00.00,Banjir,Situbondo Kabupaten,Hujan,RENDAH
31/12/2024 15.00.00,Banjir,Pasuruan Kabupaten,Hujan,SEDANG
31/12/2024 15.00.00,Banjir,Kediri Kabupaten,Hujan,RENDAH
31/12/2024 14.00.00,Banjir,Pasuruan Kota,Hujan Sedang,SEDANG
30/12/2024 19.00.00,Banjir,Situbondo Kabupaten,Hujan Lebat,RENDAH
30/12/2024 17.30.00,Banjir,Pasuruan Kabupaten,Hujan Lebat,RENDAH
30/12/2024 15.00.00,Banjir,Madiun Kabupaten,Hujan Lebat,RENDAH
30/12/2024 14.00.00,Banjir,Pasuruan Kota,Hujan Lebat,RENDAH
25/12/2024 17.30.00,Banjir,Ponorogo Kabupaten,Hujan Lebat,RENDAH
25/12/2024 10.30.00,Banjir,Kediri Kabupaten,Hujan Lebat,RENDAH
24/12/2024 22.04.00,Banjir,Trenggalek Kabupaten,Hujan Lebat,RENDAH
24/12/2024 20.30.00,Banjir,Jombang Kabupaten,Berawan - Hujan Sedang,RENDAH
24/12/2024 19.00.00,Banjir,Nganjuk Kabupaten,Hujan Lebat,SEDANG
24/12/2024 18.00.00,Banjir,Trenggalek Kabupaten,Hujan Lebat,RENDAH
24/12/2024 17.30.00,Banjir,Jombang Kabupaten,Hujan Lebat,RENDAH
24/12/2024 17.00.00,Banjir,Gresik Kabupaten,Hujan Lebat,RENDAH
24/12/2024 15.30.00,Banjir,Pamekasan Kabupaten,Hujan Lebat,RENDAH
24/12/2024 15.00.00,Banjir,Sidoarjo Kabupaten,Berawan - Hujan Ringan,SEDANG
24/12/2024 15.00.00,Banjir,Malang Kabupaten,Hujan Lebat,RENDAH
24/12/2024 15.00.00,Banjir,Malang Kota,Hujan Lebat,RENDAH
24/12/2024 14.00.00,Banjir Bandang,Situbondo Kabupaten,Berawan - Hujan Ringan,SEDANG
23/12/2024 18.30.00,Banjir,Bojonegoro Kabupaten,Hujan Lebat,RENDAH
23/12/2024 01.00.00,Banjir Bandang,Jember Kabupaten,Hujan Lebat,RENDAH
23/12/2024 01.00.00,Banjir Bandang,Jember Kabupaten,Hujan Lebat,RENDAH
22/12/2024 23.00.00,Banjir dan Tanah Longsor,Bondowoso Kabupaten,Hujan Lebat,SEDANG
22/12/2024 15.00.00,Banjir,Kediri Kabupaten,Hujan Lebat,RENDAH
22/12/2024 15.00.00,Banjir,Ponorogo Kabupaten,Hujan Lebat,RENDAH
22/12/2024 14.00.00,Banjir,Tuban Kabupaten,Hujan Lebat,RENDAH
22/12/2024 12.20.00,Banjir,Jember Kabupaten,Hujan Ringan,SEDANG
21/12/2024 18.00.00,Banjir,Nganjuk Kabupaten,Hujan,RENDAH
20/12/2024 20.00.00,Banjir,Pasuruan Kabupaten,Hujan,RENDAH
20/12/2024 16.00.00,Banjir,Pasuruan Kota,Hujan Lebat,RENDAH
18/12/2024 04.30.00,Banjir,Lamongan Kabupaten,Hujan Lebat,SEDANG
17/12/2024 23.00.00,Banjir Rob,Pasuruan Kota,Berawan,RENDAH
17/12/2024 16.00.00,Banjir,Gresik Kabupaten,Hujan Lebat,RENDAH
17/12/2024 15.00.00,Banjir,Sidoarjo Kabupaten,Hujan Sedang,RENDAH
17/12/2024 14.40.00,Banjir,Pasuruan Kabupaten,Hujan Lebat,SEDANG
16/12/2024 22.54.00,Banjir,Sampang Kabupaten,Hujan,RENDAH
16/12/2024 21.00.00,Banjir Rob,Pasuruan Kota,Berawan,RENDAH
16/12/2024 15.00.00,Banjir dan Tanah Longsor,Ponorogo Kabupaten,Hujan Lebat,RENDAH
16/12/2024 08.00.00,Banjir,Tuban Kabupaten,Hujan,SEDANG
16/12/2024 06.30.00,Banjir,Sumenep Kabupaten,Hujan,RENDAH
16/12/2024 04.00.00,Banjir,Magetan Kabupaten,Hujan,SEDANG
16/12/2024 01.00.00,Banjir,Sidoarjo Kabupaten,Hujan Lebat,RENDAH
15/12/2024 21.00.00,Banjir,Ngawi Kabupaten,Hujan Lebat,SEDANG
15/12/2024 21.00.00,Banjir dan Tanah Longsor,Ponorogo Kabupaten,Hujan Lebat,RENDAH
15/12/2024 20.45.00,Banjir Rob,Gresik Kabupaten,Hujan,RENDAH
15/12/2024 20.00.00,Banjir Rob,Probolinggo Kabupaten,Hujan Sedang - Lebat,RENDAH
15/12/2024 20.00.00,Banjir,Mojokerto Kabupaten,Hujan,SEDANG
15/12/2024 20.00.00,Banjir,Trenggalek Kabupaten,Hujan Lebat,RENDAH
15/12/2024 18.30.00,Banjir,Ponorogo Kabupaten,Hujan,TINGGI
15/12/2024 18.00.00,Banjir Bandang,Tuban Kabupaten,Hujan,SEDANG
15/12/2024 16.00.00,Banjir,Pasuruan Kota,Hujan Lebat,RENDAH
14/12/2024 20.00.00,Banjir Rob,Pasuruan Kota,Hujan Ringan,RENDAH
14/12/2024 20.00.00,Banjir Rob,Probolinggo Kabupaten,Cerah Berawan,RENDAH
14/12/2024 13.10.00,Banjir,Jember Kabupaten,Hujan,RENDAH
14/12/2024 12.30.00,Banjir,Batu Kota,Hujan lebat,RENDAH
14/12/2024 10.54.21,Banjir Rob,Sampang Kabupaten,Berawan,RENDAH
14/12/2024 00.30.00,Banjir,Situbondo Kabupaten,Hujan,RENDAH
13/12/2024 20.00.00,Banjir,Sidoarjo Kabupaten,Hujan Lebat,SEDANG
13/12/2024 14.00.00,Banjir,Bojonegoro Kabupaten,Hujan Lebat,RENDAH
12/12/2024 13.00.00,Banjir,Pasuruan Kabupaten,Hujan Lebat,SEDANG
12/12/2024 13.00.00,Banjir,Pasuruan Kota,Hujan Lebat,RENDAH
12/12/2024 12.30.00,Banjir,Jember Kabupaten,Hujan Lebat,SEDANG
10/12/2024 16.00.00,Banjir,Jember Kabupaten,Hujan Lebat,RENDAH
10/12/2024 13.00.00,Banjir,Bondowoso Kabupaten,Hujan,RENDAH
10/12/2024 13.00.00,Banjir,Pasuruan Kabupaten,Hujan,RENDAH
10/12/2024 12.00.00,Banjir,Pasuruan Kabupaten,Hujan Lebat,RENDAH
09/12/2024 22.00.00,Banjir,Jombang Kabupaten,Berawan - Hujan Ringan,RENDAH
08/12/2024 18.30.00,Banjir,Pasuruan Kota,Hujan Sedang,RENDAH
08/12/2024 01.00.00,Banjir,Sidoarjo Kabupaten,Hujan Sedang,RENDAH
06/12/2024 23.00.00,Banjir,Mojokerto Kabupaten,Hujan Lebat,SEDANG
06/12/2024 23.00.00,Banjir,Mojokerto Kabupaten,Hujan Lebat,TINGGI
06/12/2024 20.00.00,Banjir,Mojokerto Kota,Hujan Ringan,TINGGI
06/12/2024 18.15.00,Banjir,Ponorogo Kabupaten,Hujan Lebat,RENDAH
06/12/2024 18.00.00,Banjir,Sidoarjo Kabupaten,Hujan Lebat,TINGGI
06/12/2024 17.30.00,Banjir,Sidoarjo Kabupaten,Hujan,RENDAH
06/12/2024 17.00.00,Banjir,Pasuruan Kabupaten,Hujan Lebat,RENDAH
06/12/2024 16.00.00,Banjir,Tulungagung Kabupaten,Hujan,RENDAH
06/12/2024 16.00.00,Banjir,Probolinggo Kabupaten,Hujan Lebat,RENDAH
06/12/2024 16.00.00,Banjir,Madiun Kota,Hujan Lebat,RENDAH
06/12/2024 16.00.00,Banjir,Jombang Kabupaten,Hujan Lebat,TINGGI
06/12/2024 16.00.00,Banjir,Mojokerto Kabupaten,Hujan Lebat,SEDANG
06/12/2024 13.20.00,Banjir,Pasuruan Kota,Hujan Lebat,RENDAH
06/12/2024 12.30.00,Banjir,Malang Kota,Hujan Lebat,RENDAH
06/12/2024 01.00.00,Banjir Rob,Sumenep Kabupaten,Berawan,RENDAH
05/12/2024 20.40.00,Banjir,Nganjuk Kabupaten,Hujan,RENDAH
05/12/2024 19.00.00,Banjir,Pasuruan Kota,Hujan,SEDANG
05/12/2024 18.15.00,Banjir,Pasuruan Kabupaten,Hujan Lebat,RENDAH
05/12/2024 17.00.00,Banjir,Jombang Kabupaten,Hujan Lebat,RENDAH
05/12/2024 17.00.00,Banjir,Pasuruan Kabupaten,Hujan,TINGGI
05/12/2024 17.00.00,Banjir,Pasuruan Kabupaten,Hujan Lebat,RENDAH
05/12/2024 17.00.00,Banjir,Pasuruan Kabupaten,Hujan Lebat,SEDANG
05/12/2024 16.30.00,Banjir,Mojokerto Kabupaten,Hujan,SEDANG
05/12/2024 16.30.00,Banjir,Madiun Kabupaten,Hujan,SEDANG
05/12/2024 16.00.00,Banjir,Bojonegoro Kabupaten,Hujan Lebat,RENDAH
05/12/2024 15.00.00,Banjir,Kediri Kabupaten,Hujan,RENDAH
04/12/2024 19.30.00,Banjir,Mojokerto Kabupaten,Hujan,RENDAH
03/12/2024 16.00.00,Banjir,Bojonegoro Kabupaten,Hujan Lebat,RENDAH
02/12/2024 22.00.00,Banjir,Pasuruan Kota,Hujan Lebat,RENDAH
02/12/2024 20.30.00,Banjir,Trenggalek Kabupaten,Hujan Lebat,RENDAH
02/12/2024 19.00.00,Banjir,Pasuruan Kabupaten,Hujan Lebat,RENDAH
02/12/2024 17.00.00,Banjir,Tuban Kabupaten,Hujan Lebat,RENDAH
02/12/2024 12.30.00,Banjir,Pamekasan Kabupaten,Hujan Sedang,RENDAH
01/12/2024 20.54.00,Banjir,Pasuruan Kota,Hujan Ringan,RENDAH
01/12/2024 20.00.00,Banjir dan Tanah Longsor,Ponorogo Kabupaten,Hujan,RENDAH
01/12/2024 04.00.00,Banjir,Jember Kabupaten,Hujan Lebat,SEDANG
30/11/2024 16.30.00,Banjir,Bangkalan Kabupaten,Hujan Lebat,RENDAH
30/11/2024 16.00.00,Banjir dan Tanah Longsor,Blitar Kabupaten,Hujan,SEDANG
30/11/2024 15.00.00,Banjir,Pacitan Kabupaten,Hujan,RENDAH
30/11/2024 14.00.00,Banjir,Tuban Kabupaten,Hujan Lebat,RENDAH
30/11/2024 14.00.00,Banjir,Trenggalek Kabupaten,Hujan Lebat,RENDAH
28/11/2024 23.00.00,Banjir,Jember Kabupaten,Hujan Lebat,SEDANG
28/11/2024 16.15.00,Banjir,Malang Kabupaten,Hujan Lebat,TINGGI
28/11/2024 11.00.00,Banjir,Blitar Kabupaten,Hujan Lebat,RENDAH
28/11/2024 09.00.00,Banjir,Pacitan Kabupaten,Hujan Lebat,RENDAH
28/11/2024 08.28.00,Banjir,Trenggalek Kabupaten,Hujan Sedang,RENDAH
25/11/2024 22.03.00,Banjir,Ponorogo Kabupaten,Hujan Lebat,RENDAH
24/11/2024 23.30.00,Banjir,Sidoarjo Kabupaten,Hujan lebat,RENDAH
24/11/2024 20.30.00,Banjir,Magetan Kabupaten,Berawan,RENDAH
24/11/2024 19.30.00,Banjir,Ponorogo Kabupaten,Cerah Berawan,RENDAH
24/11/2024 19.00.00,Banjir,Ponorogo Kabupaten,Hujan,RENDAH
24/11/2024 17.25.00,Banjir,Nganjuk Kabupaten,Hujan,RENDAH
24/11/2024 16.00.00,Banjir,Nganjuk Kabupaten,Hujan Ringan,RENDAH
24/11/2024 16.00.00,Banjir,Kediri Kabupaten,Hujan Ringan,RENDAH
24/11/2024 15.30.00,Banjir,Nganjuk Kabupaten,Berawan,RENDAH
23/11/2024 16.00.00,Banjir,Batu Kota,Hujan sedang - lebat,RENDAH
22/11/2024 19.00.00,Banjir,Ponorogo Kabupaten,Hujan Lebat,RENDAH
22/11/2024 19.00.00,Banjir,Ponorogo Kabupaten,Hujan Lebat,RENDAH
22/11/2024 15.11.21,Banjir,Ponorogo Kabupaten,Hujan Lebat,RENDAH
21/11/2024 05.00.00,Banjir,Lumajang Kabupaten,Hujan Lebat,RENDAH
20/11/2024 16.00.00,Banjir,Tulungagung Kabupaten,Hujan Lebat,RENDAH
19/11/2024 16.00.00,Banjir,Trenggalek Kabupaten,Hujan lebat,RENDAH
19/11/2024 15.00.00,Banjir,Madiun Kota,Berawan - Hujan Ringan,RENDAH
19/11/2024 14.00.00,Banjir,Jember Kabupaten,Hujan Lebat,SEDANG
19/11/2024 13.30.00,Banjir,Jember Kabupaten,Hujan lebat,SEDANG
19/11/2024 13.00.00,Banjir,Magetan Kabupaten,Hujan,RENDAH
19/11/2024 13.00.00,Banjir,Trenggalek Kabupaten,Hujan,RENDAH
19/11/2024 12.22.00,Banjir,Batu Kota,Berawan,RENDAH
18/11/2024 23.00.00,Banjir Rob,Surabaya Kota,Berawan,SEDANG
18/11/2024 22.00.00,Banjir Rob,Gresik Kabupaten,Hujan,RENDAH
18/11/2024 15.00.00,Banjir,Trenggalek Kabupaten,Hujan Lebat,RENDAH
17/11/2024 20.30.00,Banjir,Madiun Kabupaten,Hujan Sedang - Lebat,SEDANG
17/11/2024 17.00.00,Banjir,Madiun Kota,Hujan Sedang - Lebat,SEDANG
16/11/2024 21.00.00,Banjir Rob,Probolinggo Kabupaten,Cerah Berawan,RENDAH
12/11/2024 03.00.00,Banjir,Lumajang Kabupaten,Hujan Lebat,RENDAH
11/11/2024 19.40.00,Banjir,Kediri Kabupaten,Hujan Lebat,SEDANG
11/11/2024 01.47.08,Banjir,Kediri Kota,Hujan Sedang,RENDAH
09/11/2024 12.56.00,Banjir,Batu Kota,Berawan,RENDAH
03/11/2024 14.00.00,Banjir,Madiun Kota,Hujan Lebat,RENDAH
25/10/2024 15.30.00,Banjir,Batu Kota,Hujan lebat,RENDAH
27/09/2024 14.00.00,Banjir,Malang Kota,Cerah Berawan,RENDAH
25/09/2024 15.15.00,Banjir,Malang Kota,Hujan Sedang - Lebat,RENDAH
25/09/2024 15.00.00,Banjir,Batu Kota,Hujan Lebat,RENDAH
25/09/2024 15.00.00,Banjir,Batu Kota,Hujan Lebat,RENDAH
24/09/2024 16.30.00,Banjir Bandang,Bojonegoro Kabupaten,Hujan Lebat,RENDAH
24/09/2024 15.00.00,Banjir,Batu Kota,Hujan Sedang,RENDAH
24/09/2024 13.10.00,Banjir,Malang Kota,Hujan Sedang,RENDAH
05/07/2024 07.00.00,Banjir Rob,Situbondo Kabupaten,Berawan,RENDAH
13/06/2024 20.30.00,Banjir,Mojokerto Kabupaten,Hujan Ringan,RENDAH
08/06/2024 09.00.00,Banjir Rob,Pasuruan Kota,Berawan,RENDAH
10/05/2024 13.00.00,Banjir Rob,Situbondo Kabupaten,Cerah,RENDAH
09/05/2024 11.30.00,Banjir Rob,Probolinggo Kabupaten,Cerah,RENDAH
25/04/2024 16.20.00,Banjir,Lamongan Kabupaten,Hujan Sedang,RENDAH
24/04/2024 15.30.00,Banjir,Nganjuk Kabupaten,Hujan,RENDAH
24/04/2024 05.00.00,Banjir,Lamongan Kabupaten,Hujan,RENDAH
23/04/2024 16.57.00,Banjir,Nganjuk Kabupaten,Hujan Lebat,RENDAH
23/04/2024 16.30.00,Banjir,Madiun Kota,Hujan Lebat,RENDAH
23/04/2024 16.00.00,Banjir,Madiun Kabupaten,Hujan Lebat,RENDAH
23/04/2024 15.00.00,Banjir,Lumajang Kabupaten,Hujan Sedang,RENDAH
21/04/2024 18.00.00,Banjir,Madiun Kabupaten,Hujan Lebat,SEDANG
21/04/2024 16.30.00,Banjir,Ngawi Kabupaten,Hujan Lebat,RENDAH
21/04/2024 16.00.00,Banjir,Ponorogo Kabupaten,Hujan lebat,RENDAH
21/04/2024 14.40.00,Banjir Bandang,Tuban Kabupaten,Hujan Lebat,SEDANG
18/04/2024 23.00.00,Banjir,Trenggalek Kabupaten,Hujan Lebat,RENDAH
18/04/2024 22.30.00,Banjir,Trenggalek Kabupaten,Hujan Sedang,RENDAH
18/04/2024 19.30.00,Banjir,Lumajang Kabupaten,Hujan Lebat,TINGGI
18/04/2024 15.00.00,Banjir,Madiun Kabupaten,Hujan Lebat,RENDAH
14/04/2024 17.58.50,Banjir,Malang Kota,Hujan Lebat,RENDAH
13/04/2024 20.30.00,Banjir,Ponorogo Kabupaten,Hujan Ringan,RENDAH
13/04/2024 19.30.00,Banjir,Ponorogo Kabupaten,Hujan Deras,RENDAH
13/04/2024 15.00.00,Banjir,Lamongan Kabupaten,Berawan,RENDAH
12/04/2024 20.10.00,Banjir,Pasuruan Kota,Hujan Lebat,RENDAH
12/04/2024 01.00.00,Banjir,Sidoarjo Kabupaten,Hujan Lebat,SEDANG
11/04/2024 17.27.00,Banjir,Kediri Kota,Hujan Lebat,RENDAH
11/04/2024 15.03.00,Banjir,Bondowoso Kabupaten,Hujan Lebat,RENDAH
11/04/2024 15.00.00,Banjir,Magetan Kabupaten,Hujan Lebat,RENDAH
09/04/2024 14.50.00,Banjir,Banyuwangi Kabupaten,Hujan Sedang - Lebat,RENDAH
09/04/2024 14.00.00,Banjir,Sidoarjo Kabupaten,Hujan Lebat,RENDAH
09/04/2024 02.00.00,Banjir,Pasuruan Kabupaten,Hujan,RENDAH
09/04/2024 01.30.00,Banjir,Madiun Kabupaten,Hujan Lebat,SEDANG
09/04/2024 01.00.00,Banjir,Sidoarjo Kabupaten,Hujan Lebat,RENDAH
09/04/2024 01.00.00,Banjir,Pasuruan Kabupaten,Hujan Lebat,RENDAH
07/04/2024 22.00.00,Banjir,Pasuruan Kabupaten,Hujan Lebat,SEDANG
07/04/2024 15.00.00,Banjir,Pasuruan Kota,Hujan Lebat,SEDANG
07/04/2024 01.00.00,Banjir,Sidoarjo Kabupaten,Hujan Lebat,SEDANG
05/04/2024 22.30.00,Banjir,Sidoarjo Kabupaten,Hujan Lebat,RENDAH
05/04/2024 21.00.00,Banjir,Sidoarjo Kabupaten,Hujan,RENDAH
05/04/2024 19.00.00,Banjir,Surabaya Kota,Hujan Sedang - Lebat,RENDAH
04/04/2024 22.00.00,Banjir,Sidoarjo Kabupaten,Hujan,RENDAH
02/04/2024 13.30.00,Banjir,Malang Kota,Hujan Lebat,RENDAH
01/04/2024 18.00.00,Banjir Bandang,Madiun Kabupaten,Hujan Lebat,SEDANG
01/04/2024 17.00.00,Banjir,Bojonegoro Kabupaten,Hujan Lebat,RENDAH
01/04/2024 16.30.00,Banjir,Malang Kabupaten,Hujan Lebat,RENDAH
01/04/2024 16.30.00,Banjir,Bojonegoro Kabupaten,Hujan Ringan,RENDAH
28/03/2024 22.49.15,Banjir,Batu Kota,Hujan,RENDAH
28/03/2024 14.00.00,Banjir,Nganjuk Kabupaten,Hujan Lebat,RENDAH
28/03/2024 13.00.00,Banjir,Malang Kota,Hujan Lebat,RENDAH
24/03/2024 14.20.00,Banjir,Lamongan Kabupaten,Hujan Lebat,RENDAH
21/03/2024 18.30.00,Banjir,Probolinggo Kabupaten,Hujan,RENDAH
20/03/2024 16.50.00,Banjir,Pasuruan Kabupaten,Berawan - Hujan Ringan,SEDANG
19/03/2024 21.45.00,Banjir,Probolinggo Kabupaten,Hujan Lebat,SEDANG
18/03/2024 20.00.00,Banjir,Probolinggo Kabupaten,Hujan Lebat,RENDAH
17/03/2024 22.15.00,Banjir,Situbondo Kabupaten,Hujan Lebat,SEDANG
17/03/2024 21.00.00,Banjir,Situbondo Kabupaten,Hujan Lebat,RENDAH
16/03/2024 19.30.00,Banjir,Pasuruan Kabupaten,Hujan,RENDAH
16/03/2024 18.00.00,Banjir,Probolinggo Kabupaten,Hujan,RENDAH
14/03/2024 17.00.00,Banjir,Ponorogo Kabupaten,Hujan,RENDAH
14/03/2024 14.30.00,Banjir Rob,Malang Kabupaten,Hujan Lebat,RENDAH
14/03/2024 11.00.00,Banjir Rob,Trenggalek Kabupaten,Berawan,RENDAH
14/03/2024 10.00.00,Banjir,Sumenep Kabupaten,Hujan Lebat,SEDANG
14/03/2024 03.30.00,Banjir,Sumenep Kabupaten,Hujan Lebat,RENDAH
13/03/2024 12.45.00,Banjir,Gresik Kabupaten,Hujan Lebat,SEDANG
13/03/2024 11.00.00,Banjir Rob,Malang Kabupaten,Berawan,RENDAH
13/03/2024 11.00.00,Banjir Rob,Blitar Kabupaten,Berawan,RENDAH
12/03/2024 15.30.00,Banjir,Pamekasan Kabupaten,Hujan Lebat,RENDAH
12/03/2024 13.13.31,Banjir,Sampang Kabupaten,Hujan Sangat Lebat,TINGGI
12/03/2024 07.00.00,Banjir,Bangkalan Kabupaten,Hujan,SEDANG
11/03/2024 05.00.00,Banjir,Situbondo Kabupaten,Hujan Sedang,RENDAH
11/03/2024 03.30.00,Banjir,Lamongan Kabupaten,Hujan Lebat,SEDANG
10/03/2024 20.00.00,Banjir,Bojonegoro Kabupaten,Hujan,RENDAH
10/03/2024 20.00.00,Banjir,Bojonegoro Kabupaten,Hujan,RENDAH
10/03/2024 20.00.00,Banjir,Bojonegoro Kabupaten,Hujan,RENDAH
10/03/2024 20.00.00,Banjir,Bojonegoro Kabupaten,Hujan,SEDANG
10/03/2024 16.00.00,Banjir,Bojonegoro Kabupaten,Hujan,SEDANG
10/03/2024 16.00.00,Banjir,Bojonegoro Kabupaten,Hujan,SEDANG
10/03/2024 15.00.00,Banjir,Bojonegoro Kabupaten,Hujan,SEDANG
10/03/2024 15.00.00,Banjir,Tuban Kabupaten,Hujan Lebat,SEDANG
10/03/2024 14.00.00,Banjir,Bojonegoro Kabupaten,Hujan,SEDANG
10/03/2024 13.00.00,Banjir,Bojonegoro Kabupaten,Hujan,SEDANG
10/03/2024 11.00.00,Banjir,Bojonegoro Kabupaten,Hujan,SEDANG
10/03/2024 03.00.00,Banjir,Kediri Kabupaten,Hujan,RENDAH
09/03/2024 22.00.00,Banjir,Madiun Kabupaten,Hujan Lebat,RENDAH
09/03/2024 19.45.00,Banjir,Mojokerto Kabupaten,Hujan Lebat,RENDAH
09/03/2024 19.00.00,Banjir,Jombang Kabupaten,Hujan Lebat,SEDANG
09/03/2024 19.00.00,Banjir,Ngawi Kabupaten,Hujan Lebat,RENDAH
09/03/2024 19.00.00,Banjir,Ngawi Kabupaten,Hujan,TINGGI
09/03/2024 18.00.00,Banjir,Madiun Kota,Hujan Lebat,RENDAH
09/03/2024 18.00.00,Banjir,Mojokerto Kota,Hujan Lebat,RENDAH
09/03/2024 16.00.00,Banjir,Probolinggo Kota,Hujan Lebat,RENDAH
09/03/2024 16.00.00,Banjir,Probolinggo Kabupaten,Hujan Lebat,RENDAH
09/03/2024 13.00.00,Banjir,Magetan Kabupaten,Hujan,SEDANG
08/03/2024 17.51.00,Banjir,Probolinggo Kabupaten,Hujan,RENDAH
08/03/2024 14.00.00,Banjir,Jember Kabupaten,Hujan,SEDANG
08/03/2024 14.00.00,Banjir,Pasuruan Kabupaten,Hujan,TINGGI
08/03/2024 12.00.00,Banjir,Malang Kabupaten,Hujan Lebat,RENDAH
07/03/2024 13.00.00,Banjir,Magetan Kabupaten,Hujan Lebat,SEDANG
06/03/2024 21.00.00,Banjir,Bojonegoro Kabupaten,Hujan Lebat,SEDANG
06/03/2024 19.00.00,Banjir,Situbondo Kabupaten,Cerah Berawan,RENDAH
06/03/2024 07.30.00,Banjir,Mojokerto Kota,Hujan,RENDAH
06/03/2024 05.00.00,Banjir,Jombang Kabupaten,Hujan,SEDANG
06/03/2024 04.00.00,Banjir,Jombang Kabupaten,Hujan Lebat,RENDAH
06/03/2024 04.00.00,Banjir,Jombang Kabupaten,Hujan,RENDAH
06/03/2024 04.00.00,Banjir,Jombang Kabupaten,Hujan,SEDANG
06/03/2024 03.00.00,Banjir,Jombang Kabupaten,Hujan,RENDAH
06/03/2024 01.00.00,Banjir,Mojokerto Kabupaten,Hujan Ringan,SEDANG
06/03/2024 01.00.00,Banjir,Mojokerto Kabupaten,Hujan Sangat Lebat,TINGGI
05/03/2024 23.00.00,Banjir,Mojokerto Kabupaten,Hujan Lebat,RENDAH
05/03/2024 23.00.00,Banjir,Mojokerto Kabupaten,Cerah Berawan,SEDANG
05/03/2024 18.40.00,Banjir,Bojonegoro Kabupaten,Hujan,SEDANG
05/03/2024 18.30.00,Banjir,Madiun Kabupaten,Hujan,RENDAH
05/03/2024 18.30.00,Banjir,Magetan Kabupaten,Hujan,RENDAH
05/03/2024 16.00.00,Banjir,Blitar Kabupaten,Hujan,RENDAH
05/03/2024 15.00.00,Banjir,Trenggalek Kabupaten,Hujan Ringan,RENDAH
04/03/2024 19.36.00,Banjir,Bondowoso Kabupaten,Hujan Sedang,RENDAH
04/03/2024 03.00.00,Banjir,Ponorogo Kabupaten,Cerah,SEDANG
03/03/2024 19.00.00,Banjir,Sidoarjo Kabupaten,Hujan Sedang,RENDAH
03/03/2024 19.00.00,Banjir,Sidoarjo Kabupaten,Hujan Lebat,RENDAH
03/03/2024 16.00.00,Banjir,Madiun Kabupaten,Hujan Lebat,RENDAH
03/03/2024 15.00.00,Banjir,Sidoarjo Kabupaten,Hujan Lebat,RENDAH
03/03/2024 14.00.00,Banjir,Lumajang Kabupaten,Hujan Sedang,RENDAH
02/03/2024 21.00.00,Banjir,Nganjuk Kabupaten,Hujan Lebat,RENDAH
02/03/2024 21.00.00,Banjir,Nganjuk Kabupaten,Hujan Lebat,RENDAH
01/03/2024 16.00.00,Banjir,Ponorogo Kabupaten,Hujan Lebat,RENDAH
01/03/2024 14.00.00,Banjir,Jember Kabupaten,Hujan,RENDAH
28/02/2024 04.00.00,Banjir,Mojokerto Kabupaten,Hujan Lebat,SEDANG
27/02/2024 22.37.00,Banjir,Mojokerto Kabupaten,Hujan Lebat,SEDANG
26/02/2024 18.30.00,Banjir,Pamekasan Kabupaten,Hujan Lebat,RENDAH
25/02/2024 20.00.00,Banjir,Jombang Kabupaten,Hujan,RENDAH
25/02/2024 20.00.00,Banjir,Jombang Kabupaten,Hujan Ringan,RENDAH
25/02/2024 19.30.00,Banjir,Probolinggo Kabupaten,Hujan,RENDAH
25/02/2024 19.30.00,Banjir,Pasuruan Kota,Hujan,RENDAH
25/02/2024 18.30.00,Banjir,Madiun Kabupaten,Hujan,RENDAH
25/02/2024 16.00.00,Banjir,Jombang Kabupaten,Hujan,RENDAH
25/02/2024 15.00.00,Banjir,Pasuruan Kabupaten,Hujan,RENDAH
24/02/2024 20.30.00,Banjir,Probolinggo Kabupaten,Hujan,RENDAH
24/02/2024 19.00.00,Banjir,Pasuruan Kabupaten,Hujan,RENDAH
24/02/2024 18.00.00,Banjir Bandang,Pasuruan Kabupaten,Hujan Lebat,RENDAH
23/02/2024 20.00.00,Banjir,Malang Kabupaten,Hujan Lebat,RENDAH
21/02/2024 16.00.00,Banjir,Jombang Kabupaten,Cerah Berawan,SEDANG
19/02/2024 21.00.00,Banjir,Sidoarjo Kabupaten,Hujan Lebat,SEDANG
18/02/2024 18.00.00,Banjir,Gresik Kabupaten,Hujan Lebat,RENDAH
18/02/2024 18.00.00,Banjir,Bojonegoro Kabupaten,Hujan Lebat,RENDAH
18/02/2024 16.00.00,Banjir,Sidoarjo Kabupaten,Hujan Lebat,TINGGI
18/02/2024 15.30.00,Banjir,Malang Kabupaten,Hujan Ringan,RENDAH
18/02/2024 15.30.00,Banjir,Malang Kota,Hujan Lebat,RENDAH
18/02/2024 14.30.00,Banjir,Bondowoso Kabupaten,Hujan Lebat,RENDAH
18/02/2024 11.00.00,Banjir,Gresik Kabupaten,Berawan,TINGGI
17/02/2024 15.00.00,Banjir,Malang Kota,Hujan,RENDAH
17/02/2024 15.00.00,Banjir,Lamongan Kabupaten,Hujan Lebat,RENDAH
17/02/2024 15.00.00,Banjir,Sidoarjo Kabupaten,Hujan Sedang,RENDAH
16/02/2024 19.45.00,Banjir,Pasuruan Kabupaten,Hujan,TINGGI
15/02/2024 19.30.00,Banjir,Pasuruan Kabupaten,Hujan,RENDAH
15/02/2024 15.15.00,Banjir,Bondowoso Kabupaten,Hujan,RENDAH
14/02/2024 12.00.00,Banjir,Pamekasan Kabupaten,Hujan,RENDAH
13/02/2024 16.00.00,Banjir,Bondowoso Kabupaten,Hujan Lebat,RENDAH
12/02/2024 16.30.00,Banjir,Pamekasan Kabupaten,Cerah,RENDAH
11/02/2024 17.00.00,Banjir,Pamekasan Kabupaten,Hujan Sedang,RENDAH
11/02/2024 16.23.00,Banjir,Nganjuk Kabupaten,Berawan,RENDAH
10/02/2024 15.30.00,Banjir,Probolinggo Kota,Hujan,RENDAH
10/02/2024 14.00.00,Banjir,Ponorogo Kabupaten,Hujan,RENDAH
10/02/2024 13.30.00,Banjir,Ponorogo Kabupaten,Hujan,RENDAH
10/02/2024 13.00.00,Banjir,Blitar Kabupaten,Hujan,RENDAH
09/02/2024 18.30.00,Banjir,Mojokerto Kabupaten,Hujan Lebat,SEDANG
09/02/2024 14.00.00,Banjir,Pamekasan Kabupaten,Hujan Lebat,RENDAH
09/02/2024 14.00.00,Banjir,Bondowoso Kabupaten,Hujan Lebat,RENDAH
07/02/2024 15.30.00,Banjir,Jember Kabupaten,Hujan,SEDANG
07/02/2024 02.00.00,Banjir,Lamongan Kabupaten,Hujan,SEDANG
07/02/2024 00.30.00,Banjir,Jombang Kabupaten,Hujan,SEDANG
06/02/2024 15.00.00,Banjir,Pasuruan Kota,Hujan Lebat,RENDAH
06/02/2024 12.44.00,Banjir,Bondowoso Kabupaten,Hujan Lebat,RENDAH
06/02/2024 12.30.00,Banjir,Lamongan Kabupaten,Hujan,SEDANG
06/02/2024 11.00.00,Banjir,Gresik Kabupaten,Hujan Lebat,TINGGI
06/02/2024 05.00.00,Banjir,Lamongan Kabupaten,Hujan Sedang,SEDANG
06/02/2024 02.00.00,Banjir,Sampang Kabupaten,Hujan Lebat,RENDAH
06/02/2024 02.00.00,Banjir,Gresik Kabupaten,Hujan,RENDAH
05/02/2024 23.00.00,Banjir,Sidoarjo Kabupaten,Hujan Lebat,SEDANG
05/02/2024 22.10.00,Banjir,Lamongan Kabupaten,Hujan,RENDAH
05/02/2024 20.00.00,Banjir,Madiun Kabupaten,Hujan,RENDAH
05/02/2024 20.00.00,Banjir,Lamongan Kabupaten,Hujan Lebat,SEDANG
05/02/2024 19.00.00,Banjir,Bojonegoro Kabupaten,Hujan Lebat,TINGGI
05/02/2024 18.30.00,Banjir,Gresik Kabupaten,Hujan,TINGGI
05/02/2024 05.30.00,Banjir,Sidoarjo Kabupaten,Hujan,SEDANG
05/02/2024 02.00.00,Banjir,Mojokerto Kabupaten,Hujan Lebat,SEDANG
05/02/2024 01.15.00,Banjir,Mojokerto Kabupaten,Berawan,SEDANG
04/02/2024 18.00.00,Banjir,Pasuruan Kabupaten,Hujan,TINGGI
04/02/2024 17.00.00,Banjir,Probolinggo Kota,Berawan - Hujan Ringan,RENDAH
04/02/2024 15.45.00,Banjir,Mojokerto Kabupaten,Hujan,RENDAH
04/02/2024 13.00.00,Banjir,Bondowoso Kabupaten,Hujan,RENDAH
01/02/2024 15.00.00,Banjir,Lumajang Kabupaten,Hujan lebat,RENDAH
31/01/2024 17.16.00,Banjir,Blitar Kota,Hujan,RENDAH
31/01/2024 16.00.00,Banjir,Lamongan Kabupaten,Hujan Lebat,SEDANG
31/01/2024 14.00.00,Banjir,Lumajang Kabupaten,Berawan,RENDAH
31/01/2024 13.00.00,Banjir,Pasuruan Kabupaten,Hujan,RENDAH
30/01/2024 21.00.00,Banjir,Pamekasan Kabupaten,Hujan,RENDAH
30/01/2024 16.00.00,Banjir,Batu Kota,Hujan,RENDAH
30/01/2024 16.00.00,Banjir,Batu Kota,Hujan,RENDAH
30/01/2024 15.00.00,Banjir,Gresik Kabupaten,Hujan,RENDAH
30/01/2024 12.00.00,Banjir,Bojonegoro Kabupaten,Hujan,SEDANG
29/01/2024 17.00.00,Banjir,Batu Kota,Hujan Lebat,RENDAH
29/01/2024 16.00.00,Banjir,Trenggalek Kabupaten,Hujan,RENDAH
28/01/2024 15.00.00,Banjir,Ponorogo Kabupaten,Hujan Lebat,RENDAH
28/01/2024 14.30.00,Banjir,Pasuruan Kota,Hujan Lebat,RENDAH
27/01/2024 20.00.00,Banjir,Madiun Kota,Hujan lebat,RENDAH
27/01/2024 18.00.00,Banjir,Probolinggo Kabupaten,Hujan,SEDANG
27/01/2024 18.00.00,Banjir,Madiun Kabupaten,Hujan Lebat,RENDAH
27/01/2024 17.30.00,Banjir Bandang,Pasuruan Kabupaten,Hujan Sedang - Lebat,SEDANG
27/01/2024 17.00.00,Banjir Bandang,Pasuruan Kabupaten,Hujan Lebat,RENDAH
27/01/2024 16.00.00,Banjir dan Tanah Longsor,Probolinggo Kabupaten,Hujan Lebat,RENDAH
27/01/2024 14.30.00,Banjir,Tulungagung Kabupaten,Hujan,RENDAH
26/01/2024 15.25.00,Banjir,Batu Kota,Hujan,RENDAH
25/01/2024 14.50.00,Banjir,Lamongan Kabupaten,Hujan,RENDAH
23/01/2024 05.30.00,Banjir,Sidoarjo Kabupaten,Hujan ringan - sedang,RENDAH
22/01/2024 16.50.00,Banjir,Pasuruan Kabupaten,Hujan,RENDAH
19/01/2024 13.30.00,Banjir,Sidoarjo Kabupaten,Hujan,RENDAH
17/01/2024 14.40.00,Banjir,Sidoarjo Kabupaten,Cerah Berawan,RENDAH
10/01/2024 17.35.00,Banjir,Kediri Kabupaten,Hujan,SEDANG
10/01/2024 17.30.00,Banjir,Madiun Kota,Hujan,SEDANG
10/01/2024 16.00.00,Banjir,Jember Kabupaten,Berawan,RENDAH
10/01/2024 05.00.00,Banjir,Lamongan Kabupaten,Cerah Berawan,SEDANG
09/01/2024 18.22.00,Banjir,Sampang Kabupaten,Hujan Lebat,RENDAH
09/01/2024 16.00.00,Banjir,Pasuruan Kabupaten,Hujan Lebat,RENDAH
09/01/2024 14.50.00,Banjir,Sidoarjo Kabupaten,Hujan Lebat,RENDAH
07/01/2024 16.30.00,Banjir,Batu Kota,Hujan Lebat,RENDAH
07/01/2024 16.30.00,Banjir,Batu Kota,Berawan,RENDAH
07/01/2024 16.30.00,Banjir,Batu Kota,Hujan Ringan,RENDAH
07/01/2024 04.30.00,Banjir,Sidoarjo Kabupaten,Berawan,RENDAH
06/01/2024 17.00.00,Banjir,Lumajang Kabupaten,Hujan,RENDAH
02/01/2024 15.30.00,Banjir,Malang Kota,Hujan Lebat,RENDAH
02/01/2024 14.48.34,Banjir,Kediri Kota,Hujan Lebat,RENDAH
30/12/2023 15.45.00,Banjir,Malang Kota,Hujan Lebat,RENDAH
29/12/2023 22.00.00,Banjir,Batu Kota,Hujan,RENDAH
29/12/2023 20.00.00,Banjir,Batu Kota,Hujan Lebat,RENDAH
25/12/2023 14.50.00,Banjir,Malang Kota,Hujan Lebat,RENDAH
15/12/2023 15.00.00,Banjir,Sidoarjo Kabupaten,Hujan,RENDAH
08/12/2023 18.00.00,Banjir,Bojonegoro Kabupaten,Hujan,RENDAH
08/12/2023 15.00.00,Banjir,Batu Kota,Hujan Lebat,RENDAH
08/12/2023 13.00.00,Banjir,Nganjuk Kabupaten,Hujan Lebat,RENDAH
08/12/2023 10.00.00,Banjir,Mojokerto Kabupaten,Hujan Lebat,RENDAH
08/12/2023 04.00.00,Banjir,Gresik Kabupaten,Hujan Lebat,SEDANG
07/12/2023 15.30.00,Banjir,Batu Kota,Berawan,RENDAH
05/12/2023 14.00.00,Banjir,Malang Kabupaten,Hujan Lebat,RENDAH
01/12/2023 15.40.00,Banjir,Bojonegoro Kabupaten,Hujan Sedang,RENDAH
01/12/2023 13.00.00,Banjir,Batu Kota,Hujan Lebat,RENDAH
30/11/2023 15.00.00,Banjir,Malang Kota,Hujan Lebat,RENDAH
30/11/2023 14.30.00,Banjir,Malang Kabupaten,Hujan Lebat,RENDAH
29/11/2023 13.00.00,Banjir,Malang Kabupaten,Berawan,RENDAH
27/11/2023 18.45.00,Banjir,Madiun Kota,Hujan Lebat,RENDAH
25/11/2023 15.00.00,Banjir,Malang Kabupaten,Hujan Lebat,RENDAH
25/11/2023 14.00.00,Banjir,Malang Kota,Hujan Lebat,RENDAH
24/11/2023 13.45.00,Banjir,Malang Kota,Hujan Lebat,RENDAH
11/11/2023 13.30.00,Banjir,Malang Kota,Hujan Lebat,RENDAH
04/11/2023 13.15.00,Banjir,Malang Kota,Hujan Ringan - Sedang,RENDAH
03/11/2023 13.31.00,Banjir,Malang Kota,Hujan Sedang,RENDAH
09/07/2023 10.25.00,Banjir,Banyuwangi Kabupaten,Berawan,RENDAH
07/07/2023 13.00.00,Banjir Rob,Banyuwangi Kabupaten,Cerah,RENDAH
07/07/2023 12.00.00,Banjir,Lumajang Kabupaten,Hujan Sedang,SEDANG
07/07/2023 09.00.00,Banjir,Malang Kabupaten,Hujan Sedang,SEDANG
07/07/2023 07.30.00,Banjir,Malang Kabupaten,Hujan Sedang,SEDANG
04/07/2023 20.00.00,Banjir,Gresik Kabupaten,Hujan Ringan - Sedang,RENDAH
11/05/2023 08.30.00,Banjir,Banyuwangi Kabupaten,Hujan Ringan - Lebat,RENDAH
06/05/2023 19.00.00,Banjir,Pasuruan Kota,Cerah Berawan,RENDAH
06/05/2023 18.30.00,Banjir,Ngawi Kabupaten,Hujan Lebat,RENDAH
06/05/2023 17.45.00,Banjir,Nganjuk Kabupaten,Hujan Sedang - Lebat,RENDAH
03/05/2023 19.00.00,Banjir,Ngawi Kabupaten,Hujan,RENDAH
03/05/2023 18.00.00,Banjir,Jember Kabupaten,Hujan,RENDAH
02/05/2023 19.30.00,Banjir,Trenggalek Kabupaten,Hujan Lebat,RENDAH
01/05/2023 22.00.00,Banjir,Nganjuk Kabupaten,Berawan - Hujan Sedang,RENDAH
30/04/2023 17.00.00,Banjir,Jember Kabupaten,Hujan Lebat,RENDAH
29/04/2023 14.00.24,Banjir,Jember Kabupaten,Hujan Sedang - Lebat,RENDAH
28/04/2023 14.00.00,Banjir,Jombang Kabupaten,Hujan,RENDAH
28/04/2023 14.00.00,Banjir,Lumajang Kabupaten,Hujan,RENDAH
28/04/2023 02.00.00,Banjir,Sampang Kabupaten,Hujan Lebat,RENDAH
27/04/2023 16.20.00,Banjir,Lumajang Kabupaten,Berawan,RENDAH
26/04/2023 14.16.00,Banjir,Bondowoso Kabupaten,Hujan Lebat,RENDAH
17/04/2023 16.00.00,Banjir,Malang Kota,Hujan Lebat,RENDAH
17/04/2023 15.00.00,Banjir,Pamekasan Kabupaten,Hujan Lebat,RENDAH
14/04/2023 15.10.37,Banjir,Tuban Kabupaten,Hujan,RENDAH
13/04/2023 05.30.00,Banjir,Sumenep Kabupaten,Hujan,RENDAH
13/04/2023 04.30.00,Banjir,Jember Kabupaten,Hujan,RENDAH
13/04/2023 04.30.00,Banjir,Lumajang Kabupaten,Hujan,RENDAH
13/04/2023 03.00.00,Banjir Bandang,Malang Kabupaten,Hujan,RENDAH
10/04/2023 16.00.00,Banjir,Pasuruan Kabupaten,Hujan Lebat,RENDAH
09/04/2023 06.30.42,Banjir,Gresik Kabupaten,Hujan Lebat,RENDAH
05/04/2023 19.00.00,Banjir,Ngawi Kabupaten,Hujan Lebat,RENDAH
05/04/2023 18.30.00,Banjir,Pasuruan Kabupaten,Hujan Lebat,RENDAH
05/04/2023 17.00.00,Banjir,Pasuruan Kota,Hujan Lebat,RENDAH
03/04/2023 15.00.00,Banjir,Pasuruan Kabupaten,Hujan,RENDAH
03/04/2023 13.00.00,Banjir,Probolinggo Kabupaten,Hujan,RENDAH
02/04/2023 17.00.00,Banjir,Pasuruan Kabupaten,Hujan Sedang,RENDAH
02/04/2023 13.00.00,Banjir,Pasuruan Kota,Hujan Lebat,RENDAH
01/04/2023 14.00.00,Banjir,Ponorogo Kabupaten,Hujan Lebat,RENDAH
01/04/2023 05.15.00,Banjir,Gresik Kabupaten,Hujan,SEDANG
31/03/2023 20.00.00,Banjir,Pasuruan Kota,Hujan Lebat,RENDAH
31/03/2023 19.43.00,Banjir,Sampang Kabupaten,Hujan Lebat,RENDAH
31/03/2023 16.35.00,Banjir,Pasuruan Kabupaten,Hujan Lebat,RENDAH
30/03/2023 17.30.00,Banjir,Ngawi Kabupaten,Hujan Lebat,RENDAH
28/03/2023 20.00.00,Banjir,Pamekasan Kabupaten,Hujan Lebat,RENDAH
28/03/2023 18.53.56,Banjir,Bondowoso Kabupaten,Hujan Sedang,SEDANG
28/03/2023 15.30.00,Banjir,Probolinggo Kabupaten,Hujan Lebat,RENDAH
28/03/2023 15.00.00,Banjir,Tulungagung Kabupaten,Hujan Lebat,RENDAH
26/03/2023 16.00.00,Banjir,Batu Kota,Hujan,RENDAH
25/03/2023 21.00.00,Banjir,Blitar Kabupaten,Berawan,RENDAH
25/03/2023 19.00.54,Banjir,Pasuruan Kabupaten,Hujan Lebat,RENDAH
25/03/2023 16.43.53,Banjir,Kediri Kota,Hujan Lebat,RENDAH
25/03/2023 16.00.00,Banjir,Jombang Kabupaten,Hujan Lebat,RENDAH
25/03/2023 00.15.08,Banjir,Malang Kabupaten,Hujan,RENDAH
24/03/2023 14.30.00,Banjir,Malang Kota,Hujan,RENDAH
24/03/2023 13.30.00,Banjir,Pamekasan Kabupaten,Hujan,RENDAH
24/03/2023 12.25.00,Banjir,Lumajang Kabupaten,Hujan,RENDAH
23/03/2023 04.30.00,Banjir,Kediri Kabupaten,Hujan Lebat,RENDAH
22/03/2023 21.00.00,Banjir,Kediri Kota,Hujan Lebat,RENDAH
22/03/2023 04.00.00,Banjir,Jombang Kabupaten,Hujan Sedang - Lebat,RENDAH
22/03/2023 03.15.00,Banjir,Mojokerto Kabupaten,Hujan Lebat,RENDAH
22/03/2023 03.00.00,Banjir,Madiun Kabupaten,Hujan Intensitas Sedang-TInggi,RENDAH
22/03/2023 03.00.00,Banjir,Pasuruan Kabupaten,Hujan Lebat,RENDAH
22/03/2023 02.00.00,Banjir,Mojokerto Kabupaten,Hujan Sedang,RENDAH
16/03/2023 12.00.00,Banjir,Bondowoso Kabupaten,Hujan Sedang - Lebat,RENDAH
15/03/2023 17.30.34,Banjir,Lamongan Kabupaten,Cerah Berawan,RENDAH
15/03/2023 06.20.00,Banjir,Lamongan Kabupaten,Hujan,RENDAH
15/03/2023 01.30.00,Banjir,Lamongan Kabupaten,Hujan Lebat,RENDAH
14/03/2023 22.30.00,Banjir,Gresik Kabupaten,Hujan,RENDAH
14/03/2023 19.30.00,Banjir,Pasuruan Kabupaten,Hujan,RENDAH
14/03/2023 17.00.00,Banjir,Gresik Kabupaten,Hujan,SEDANG
14/03/2023 16.00.00,Banjir,Batu Kota,Hujan,RENDAH
14/03/2023 15.30.00,Banjir,Mojokerto Kabupaten,Hujan,RENDAH
14/03/2023 15.00.00,Banjir,Lamongan Kabupaten,Hujan,RENDAH
14/03/2023 15.00.00,Banjir,Lamongan Kabupaten,Hujan,RENDAH
14/03/2023 11.00.02,Banjir,Batu Kota,Hujan Lebat,RENDAH
09/03/2023 05.00.00,Banjir,Gresik Kabupaten,Hujan,RENDAH
08/03/2023 18.00.00,Banjir,Batu Kota,Hujan Lebat,RENDAH
05/03/2023 14.00.08,Banjir,Situbondo Kabupaten,Hujan Lebat,RENDAH
05/03/2023 13.30.11,Banjir,Bondowoso Kabupaten,Hujan Sedang - Lebat,SEDANG
05/03/2023 04.30.13,Banjir,Gresik Kabupaten,Cerah Berawan,RENDAH
04/03/2023 17.45.00,Banjir,Jember Kabupaten,Hujan,SEDANG
04/03/2023 16.30.00,Banjir,Pasuruan Kabupaten,Berawan,RENDAH
04/03/2023 14.00.00,Banjir,Pasuruan Kabupaten,Hujan,RENDAH
04/03/2023 06.00.00,Banjir,Bojonegoro Kabupaten,Hujan,SEDANG
03/03/2023 07.30.00,Banjir dan Tanah Longsor,Gresik Kabupaten,Hujan Lebat,RENDAH
03/03/2023 03.00.00,Banjir,Mojokerto Kabupaten,Hujan,RENDAH
02/03/2023 23.00.00,Banjir,Jombang Kabupaten,Hujan,SEDANG
02/03/2023 16.00.00,Banjir,Kediri Kota,Hujan Sedang,RENDAH
02/03/2023 14.00.00,Banjir,Jombang Kabupaten,Hujan Sedang,SEDANG
02/03/2023 13.00.00,Banjir,Jember Kabupaten,Hujan Lebat,RENDAH
02/03/2023 12.00.00,Banjir,Ngawi Kabupaten,Hujan,RENDAH
02/03/2023 04.00.00,Banjir dan Tanah Longsor,Gresik Kabupaten,Hujan,SEDANG
01/03/2023 16.00.00,Banjir,Pasuruan Kabupaten,Hujan,SEDANG
01/03/2023 15.00.00,Banjir,Tuban Kabupaten,Hujan,RENDAH
01/03/2023 09.00.00,Banjir,Jombang Kabupaten,Berawan,RENDAH
01/03/2023 05.30.00,Banjir,Kediri Kabupaten,Hujan Lebat,RENDAH
28/02/2023 20.00.00,Banjir,Situbondo Kabupaten,Hujan,RENDAH
28/02/2023 20.00.00,Banjir,Situbondo Kabupaten,Hujan,RENDAH
28/02/2023 20.00.00,Banjir,Situbondo Kabupaten,Hujan Lebat,RENDAH
28/02/2023 18.35.00,Banjir,Probolinggo Kabupaten,Hujan,RENDAH
28/02/2023 18.00.00,Banjir,Lumajang Kabupaten,Hujan Lebat,RENDAH
28/02/2023 17.30.00,Banjir,Magetan Kabupaten,Hujan,RENDAH
25/02/2023 19.00.00,Banjir,Ponorogo Kabupaten,Hujan,RENDAH
25/02/2023 15.00.00,Banjir,Jember Kabupaten,Hujan Lebat,RENDAH
24/02/2023 20.30.00,Banjir,Ponorogo Kabupaten,Hujan Lebat,RENDAH
24/02/2023 15.00.00,Banjir,Blitar Kabupaten,Hujan Sedang - Lebat,RENDAH
24/02/2023 13.00.00,Banjir,Jember Kabupaten,Hujan Lebat,RENDAH
23/02/2023 05.00.00,Banjir,Mojokerto Kabupaten,Hujan Lebat,RENDAH
22/02/2023 16.30.00,Banjir,Madiun Kabupaten,Hujan,RENDAH
22/02/2023 01.00.00,Banjir,Jombang Kabupaten,Hujan,RENDAH
21/02/2023 21.30.00,Banjir,Jombang Kabupaten,Hujan Lebat,RENDAH
21/02/2023 18.00.00,Banjir,Gresik Kabupaten,Hujan,SEDANG
21/02/2023 18.00.00,Banjir,Jombang Kabupaten,Hujan,RENDAH
21/02/2023 17.30.00,Banjir,Ngawi Kabupaten,Hujan,RENDAH
21/02/2023 17.00.00,Banjir,Pasuruan Kabupaten,Hujan Lebat,SEDANG
21/02/2023 16.00.00,Banjir,Jombang Kabupaten,Hujan,RENDAH
19/02/2023 10.00.00,Banjir,Sidoarjo Kabupaten,Hujan,RENDAH
19/02/2023 05.00.00,Banjir,Mojokerto Kabupaten,Hujan,RENDAH
19/02/2023 04.00.00,Banjir,Gresik Kabupaten,Hujan Lebat,TINGGI
18/02/2023 16.00.32,Banjir,Gresik Kabupaten,Hujan Lebat,SEDANG
18/02/2023 13.00.00,Banjir,Bojonegoro Kabupaten,Hujan Lebat,SEDANG
18/02/2023 05.00.06,Banjir,Lamongan Kabupaten,Hujan Lebat,SEDANG
17/02/2023 16.00.00,Banjir,Bondowoso Kabupaten,Hujan Lebat,RENDAH
16/02/2023 21.31.28,Banjir,Pasuruan Kota,Hujan,RENDAH
16/02/2023 19.30.00,Banjir,Pasuruan Kabupaten,Hujan,RENDAH
16/02/2023 17.45.00,Banjir,Nganjuk Kabupaten,Hujan,RENDAH
16/02/2023 17.30.00,Banjir,Jombang Kabupaten,Hujan,SEDANG
16/02/2023 17.00.00,Banjir,Sidoarjo Kabupaten,Hujan,RENDAH
16/02/2023 11.30.00,Banjir,Gresik Kabupaten,Hujan,RENDAH
15/02/2023 09.00.00,Banjir,Ngawi Kabupaten,Hujan,RENDAH
15/02/2023 00.30.00,Banjir,Ponorogo Kabupaten,Hujan Sedang - Lebat,RENDAH
13/02/2023 03.00.21,Banjir,Jember Kabupaten,Hujan Lebat,RENDAH
12/02/2023 18.25.00,Banjir Bandang,Bondowoso Kabupaten,Hujan,TINGGI
12/02/2023 16.40.00,Banjir,Banyuwangi Kabupaten,Berawan,RENDAH
12/02/2023 16.30.00,Banjir,Banyuwangi Kabupaten,Hujan Sedang,RENDAH
12/02/2023 13.30.00,Banjir,Nganjuk Kabupaten,Hujan,RENDAH
11/02/2023 17.10.00,Banjir,Jember Kabupaten,Hujan Lebat,RENDAH
11/02/2023 17.00.00,Banjir,Malang Kota,Hujan Lebat,RENDAH
11/02/2023 16.00.00,Banjir,Ponorogo Kabupaten,Hujan,RENDAH
10/02/2023 16.00.00,Banjir,Banyuwangi Kabupaten,Hujan Sedang,RENDAH
10/02/2023 15.00.00,Banjir,Ponorogo Kabupaten,Hujan Lebat,RENDAH
10/02/2023 15.00.00,Banjir,Probolinggo Kota,Hujan Ringan - Lebat,SEDANG
09/02/2023 21.00.00,Banjir,Mojokerto Kabupaten,Hujan Lebat,SEDANG
09/02/2023 18.30.00,Banjir,Probolinggo Kabupaten,Hujan Lebat,SEDANG
09/02/2023 15.00.00,Banjir,Mojokerto Kabupaten,Hujan Lebat,RENDAH
09/02/2023 15.00.00,Banjir,Probolinggo Kota,Hujan intensitas tinggi,RENDAH
09/02/2023 13.45.00,Banjir,Pasuruan Kabupaten,Hujan Lebat,TINGGI
09/02/2023 13.45.00,Banjir,Pasuruan Kabupaten,Hujan Lebat,SEDANG
08/02/2023 18.00.00,Banjir,Situbondo Kabupaten,Hujan Lebat,RENDAH
08/02/2023 15.00.00,Banjir,Malang Kota,Hujan Lebat,RENDAH
08/02/2023 15.00.00,Banjir,Malang Kabupaten,Hujan Lebat,RENDAH
08/02/2023 14.30.45,Banjir,Kediri Kota,Hujan Lebat,RENDAH
07/02/2023 20.00.00,Banjir,Kediri Kabupaten,Hujan Lebat,RENDAH
07/02/2023 18.00.00,Banjir,Pasuruan Kabupaten,Hujan,RENDAH
07/02/2023 17.00.00,Banjir,Nganjuk Kabupaten,Hujan,RENDAH
07/02/2023 17.00.00,Banjir,Nganjuk Kabupaten,Hujan,RENDAH
07/02/2023 16.00.00,Banjir,Ponorogo Kabupaten,Hujan,RENDAH
02/02/2023 14.30.00,Banjir,Lamongan Kabupaten,Hujan Lebat,SEDANG
01/02/2023 18.22.45,Banjir,Madiun Kabupaten,Hujan Lebat,RENDAH
01/02/2023 17.15.00,Banjir,Pasuruan Kabupaten,Hujan Lebat,SEDANG
31/01/2023 21.23.00,Banjir,Lamongan Kabupaten,Hujan Lebat,TINGGI
28/01/2023 23.00.59,Banjir,Mojokerto Kabupaten,Hujan Lebat,RENDAH
28/01/2023 17.00.00,Banjir,Blitar Kabupaten,Berawan,RENDAH
28/01/2023 15.00.00,Banjir,Situbondo Kabupaten,Hujan Ringan,RENDAH
28/01/2023 09.30.00,Banjir,Kediri Kabupaten,Berawan,RENDAH
28/01/2023 08.00.00,Banjir,Gresik Kabupaten,Berawan,RENDAH
27/01/2023 22.00.00,Banjir,Sidoarjo Kabupaten,Hujan Sedang - Lebat,TINGGI
27/01/2023 19.15.00,Banjir,Nganjuk Kabupaten,Hujan Lebat,RENDAH
27/01/2023 18.00.00,Banjir,Nganjuk Kabupaten,Hujan Lebat,RENDAH
25/01/2023 20.30.00,Banjir,Pasuruan Kabupaten,Hujan Lebat,RENDAH
25/01/2023 19.00.00,Banjir,Ponorogo Kabupaten,Hujan Lebat,RENDAH
25/01/2023 17.00.00,Banjir,Malang Kabupaten,Hujan Lebat,RENDAH
25/01/2023 16.00.00,Banjir,Mojokerto Kabupaten,Hujan Lebat,RENDAH
22/01/2023 21.00.00,Banjir,Pasuruan Kabupaten,Hujan Lebat,RENDAH
22/01/2023 02.30.00,Banjir,Pasuruan Kabupaten,Hujan,RENDAH
21/01/2023 12.00.00,Banjir,Banyuwangi Kabupaten,Hujan Lebat,RENDAH
19/01/2023 06.00.57,Banjir,Bangkalan Kabupaten,Hujan Ringan,RENDAH
18/01/2023 17.00.00,Banjir,Gresik Kabupaten,Hujan Lebat,RENDAH
18/01/2023 04.45.00,Banjir,Gresik Kabupaten,Hujan,RENDAH
18/01/2023 01.00.00,Banjir,Jombang Kabupaten,Hujan,SEDANG
17/01/2023 14.30.00,Banjir,Malang Kabupaten,Hujan Lebat,RENDAH
14/01/2023 17.30.38,Banjir,Banyuwangi Kabupaten,Hujan Lebat,RENDAH
08/01/2023 04.00.00,Banjir,Bangkalan Kabupaten,Hujan,SEDANG
03/01/2023 18.00.00,Banjir,Situbondo Kabupaten,Hujan,SEDANG
02/01/2023 20.30.00,Banjir,Situbondo Kabupaten,Hujan Lebat,SEDANG
02/01/2023 17.30.00,Banjir,Situbondo Kabupaten,Hujan,RENDAH
31/12/2022 22.00.00,Banjir,Sumenep Kabupaten,Hujan,SEDANG
31/12/2022 22.00.00,Banjir,Sumenep Kabupaten,Hujan Lebat,SEDANG
31/12/2022 18.00.00,Banjir,Pamekasan Kabupaten,Hujan Deras,TINGGI
31/12/2022 17.00.00,Banjir,Sampang Kabupaten,Hujan,RENDAH
31/12/2022 16.00.00,Banjir,Sampang Kabupaten,Hujan Sedang - Lebat,SEDANG
31/12/2022 14.00.00,Banjir,Sampang Kabupaten,Hujan Intensitas Sedang - Tinggi,SEDANG
31/12/2022 09.33.00,Banjir,Lamongan Kabupaten,Hujan Lebat,RENDAH
31/12/2022 06.20.00,Banjir Rob,Tuban Kabupaten,Hujan,RENDAH
31/12/2022 05.30.00,Banjir,Bangkalan Kabupaten,Hujan Ringan - Lebat,TINGGI
31/12/2022 05.30.00,Banjir,Bangkalan Kabupaten,Hujan Intensitas Ringan - Tinggi,TINGGI
29/12/2022 13.30.00,Banjir,Banyuwangi Kabupaten,Hujan Lebat,RENDAH
28/12/2022 23.00.00,Banjir,Pasuruan Kota,Hujan Lebat,RENDAH
28/12/2022 23.00.00,Banjir,Pasuruan Kabupaten,Hujan Lebat,RENDAH
28/12/2022 21.15.00,Banjir,Probolinggo Kabupaten,Hujan,SEDANG
28/12/2022 21.00.00,Banjir,Ponorogo Kabupaten,Hujan Lebat,RENDAH
28/12/2022 21.00.00,Banjir,Ponorogo Kabupaten,Hujan Lebat,RENDAH
28/12/2022 21.00.00,Banjir,Pasuruan Kabupaten,Hujan Lebat,RENDAH
28/12/2022 19.26.50,Banjir,Pasuruan Kabupaten,Hujan Lebat,RENDAH
28/12/2022 19.00.00,Banjir,Banyuwangi Kabupaten,Hujan Lebat,RENDAH
28/12/2022 18.40.00,Banjir,Jember Kabupaten,Hujan,RENDAH
28/12/2022 17.30.00,Banjir,Jember Kabupaten,Hujan Lebat,RENDAH
28/12/2022 17.00.00,Banjir,Lumajang Kabupaten,Hujan,RENDAH
28/12/2022 15.00.00,Banjir,Jember Kabupaten,Hujan Lebat,SEDANG
26/12/2022 16.00.00,Banjir,Gresik Kabupaten,Hujan Lebat,TINGGI
25/12/2022 17.45.01,Banjir,Bondowoso Kabupaten,Cerah Berawan,RENDAH
24/12/2022 01.00.00,Banjir Rob,Sumenep Kabupaten,Hujan,RENDAH
23/12/2022 20.00.00,Banjir Rob,Situbondo Kabupaten,Berawan,SEDANG
23/12/2022 19.00.00,Banjir,Madiun Kabupaten,Berawan,RENDAH
23/12/2022 18.00.00,Banjir,Situbondo Kabupaten,Hujan Lebat,RENDAH
23/12/2022 17.35.00,Banjir Rob,Lamongan Kabupaten,Hujan,RENDAH
22/12/2022 20.15.00,Banjir,Trenggalek Kabupaten,Berawan,RENDAH
22/12/2022 20.00.00,Banjir Rob,Situbondo Kabupaten,Berawan,RENDAH
20/12/2022 19.00.00,Banjir,Tuban Kabupaten,Hujan Lebat,SEDANG
16/12/2022 18.00.00,Banjir,Pamekasan Kabupaten,Hujan Ringan,RENDAH
15/12/2022 15.00.00,Banjir,Gresik Kabupaten,Hujan Lebat,SEDANG
15/12/2022 15.00.00,Banjir,Jember Kabupaten,Hujan Lebat,SEDANG
15/12/2022 14.00.00,Banjir,Malang Kabupaten,Hujan Lebat,RENDAH
15/12/2022 13.30.32,Banjir,Malang Kota,Hujan Lebat,RENDAH
14/12/2022 10.00.00,Banjir,Trenggalek Kabupaten,Hujan,RENDAH
14/12/2022 10.00.00,Banjir,Gresik Kabupaten,Hujan,RENDAH
13/12/2022 19.30.00,Banjir,Ponorogo Kabupaten,Hujan Lebat,RENDAH
13/12/2022 14.00.00,Banjir,Blitar Kota,Hujan Lebat,RENDAH
11/12/2022 17.30.00,Banjir,Tuban Kabupaten,Hujan Lebat,RENDAH
06/12/2022 22.00.00,Banjir,Jombang Kabupaten,Hujan Lebat,RENDAH
06/12/2022 17.00.00,Banjir,Jombang Kabupaten,Hujan Lebat,RENDAH
06/12/2022 14.30.00,Banjir,Jember Kabupaten,Hujan Lebat,RENDAH
05/12/2022 19.28.35,Banjir,Batu Kota,Hujan Lebat,RENDAH
05/12/2022 17.00.00,Banjir,Batu Kota,Hujan Intensitas Tinggi,RENDAH
02/12/2022 16.00.00,Banjir,Jombang Kabupaten,Berawan,RENDAH
01/12/2022 06.00.00,Banjir,Gresik Kabupaten,Cerah Berawan,RENDAH
30/11/2022 20.45.00,Banjir,Jombang Kabupaten,Hujan Lebat,RENDAH
30/11/2022 19.00.53,Banjir,Bojonegoro Kabupaten,Hujan Lebat,RENDAH
29/11/2022 19.00.20,Banjir,Tuban Kabupaten,Hujan Lebat,SEDANG
29/11/2022 18.00.00,Banjir,Pasuruan Kota,Hujan,RENDAH
29/11/2022 15.00.00,Banjir,Gresik Kabupaten,Hujan,RENDAH
29/11/2022 13.30.00,Banjir,Malang Kota,Hujan,RENDAH
29/11/2022 12.30.00,Banjir,Pasuruan Kabupaten,Hujan,RENDAH
28/11/2022 22.05.00,Banjir,Banyuwangi Kabupaten,Hujan Lebat,SEDANG
28/11/2022 15.30.00,Banjir,Banyuwangi Kabupaten,Hujan Lebat,RENDAH
28/11/2022 15.00.00,Banjir,Jember Kabupaten,Hujan Lebat,SEDANG
28/11/2022 06.00.00,Banjir,Sampang Kabupaten,Hujan Lebat,RENDAH
27/11/2022 18.00.00,Banjir,Pasuruan Kota,Hujan Lebat,RENDAH
27/11/2022 18.00.00,Banjir,Sampang Kabupaten,Hujan Lebat,SEDANG
27/11/2022 13.00.00,Banjir,Lamongan Kabupaten,Hujan Lebat,RENDAH
27/11/2022 12.00.00,Banjir,Blitar Kota,Hujan Sedang - Lebat,RENDAH
27/11/2022 11.00.00,Banjir,Pamekasan Kabupaten,Hujan Sedang - Lebat,RENDAH
27/11/2022 09.00.00,Banjir,Jember Kabupaten,Hujan Lebat,RENDAH
26/11/2022 22.26.00,Banjir,Lumajang Kabupaten,Hujan Sedang - Lebat,RENDAH
26/11/2022 20.30.00,Banjir,Lumajang Kabupaten,Hujan,RENDAH
26/11/2022 15.00.00,Banjir,Sumenep Kabupaten,Cerah Berawan,RENDAH
25/11/2022 19.00.00,Banjir,Mojokerto Kabupaten,Cerah Berawan,RENDAH
25/11/2022 18.00.00,Banjir,Madiun Kabupaten,Berawan,RENDAH
25/11/2022 17.00.00,Banjir,Pasuruan Kota,Cerah Berawan,RENDAH
25/11/2022 17.00.00,Banjir,Sidoarjo Kabupaten,Berawan,SEDANG
25/11/2022 17.00.00,Banjir,Malang Kabupaten,Hujan Deras,RENDAH
25/11/2022 06.30.00,Banjir,Bojonegoro Kabupaten,Cerah Berawan,SEDANG
25/11/2022 02.00.00,Banjir,Jombang Kabupaten,Cerah Berawan,SEDANG
25/11/2022 00.30.00,Banjir,Jombang Kabupaten,Hujan Sedang - Lebat,SEDANG
24/11/2022 23.00.00,Banjir,Gresik Kabupaten,Hujan,SEDANG
24/11/2022 21.00.00,Banjir,Jombang Kabupaten,Hujan,SEDANG
24/11/2022 20.00.00,Banjir,Mojokerto Kabupaten,Hujan Ringan - Sedang,RENDAH
24/11/2022 16.15.00,Banjir,Bojonegoro Kabupaten,Hujan,RENDAH
24/11/2022 16.00.00,Banjir,Gresik Kabupaten,Hujan,SEDANG
24/11/2022 15.00.00,Banjir,Pasuruan Kabupaten,Hujan,RENDAH
24/11/2022 14.00.00,Banjir,Jombang Kabupaten,Hujan,SEDANG
24/11/2022 14.00.00,Banjir,Jombang Kabupaten,Hujan,SEDANG
24/11/2022 14.00.00,Banjir,Jombang Kabupaten,Hujan,SEDANG
23/11/2022 15.00.00,Banjir,Jember Kabupaten,Berawan,SEDANG
22/11/2022 14.05.00,Banjir,Jember Kabupaten,Hujan Sedang - Lebat,RENDAH
22/11/2022 13.00.00,Banjir,Banyuwangi Kabupaten,Hujan Lebat,RENDAH
20/11/2022 18.00.00,Banjir,Probolinggo Kota,Hujan,SEDANG
19/11/2022 05.00.00,Banjir,Probolinggo Kabupaten,Hujan,SEDANG
19/11/2022 04.00.00,Banjir,Kediri Kabupaten,Hujan,RENDAH
19/11/2022 04.00.00,Banjir,Lamongan Kabupaten,Hujan,RENDAH
19/11/2022 04.00.00,Banjir,Ngawi Kabupaten,Hujan,RENDAH
19/11/2022 03.23.36,Banjir,Nganjuk Kabupaten,Hujan Lebat,SEDANG
19/11/2022 02.30.00,Banjir,Lamongan Kabupaten,Hujan,SEDANG
19/11/2022 02.00.00,Banjir,Pasuruan Kabupaten,Hujan,RENDAH
19/11/2022 02.00.00,Banjir,Pasuruan Kabupaten,Hujan,SEDANG
19/11/2022 02.00.00,Banjir,Pasuruan Kota,Hujan,RENDAH
18/11/2022 23.00.32,Banjir,Ngawi Kabupaten,Hujan Lebat,RENDAH
18/11/2022 21.00.00,Banjir,Gresik Kabupaten,Hujan,SEDANG
18/11/2022 14.00.00,Banjir,Banyuwangi Kabupaten,Hujan Lebat,RENDAH
17/11/2022 15.00.00,Banjir,Pasuruan Kabupaten,Hujan Ringan - Hujan Lebat,SEDANG
17/11/2022 14.10.00,Banjir,Banyuwangi Kabupaten,Hujan Lebat,RENDAH
16/11/2022 17.00.00,Banjir,Tulungagung Kabupaten,Hujan Lebat,SEDANG
14/11/2022 15.30.00,Banjir,Trenggalek Kabupaten,Hujan Lebat,RENDAH
14/11/2022 15.00.00,Banjir,Ponorogo Kabupaten,Hujan Lebat,RENDAH
13/11/2022 17.30.00,Banjir,Nganjuk Kabupaten,Hujan Lebat,RENDAH
11/11/2022 16.35.00,Banjir,Nganjuk Kabupaten,Hujan Lebat,RENDAH
11/11/2022 16.15.00,Banjir,Jember Kabupaten,Hujan Sedang,RENDAH
11/11/2022 15.30.00,Banjir Bandang,Bojonegoro Kabupaten,Hujan Lebat,SEDANG
11/11/2022 14.00.00,Banjir,Pasuruan Kabupaten,Hujan lebat,RENDAH
11/11/2022 13.45.00,Banjir,Malang Kota,Hujan Lebat,RENDAH
10/11/2022 15.30.00,Banjir,Banyuwangi Kabupaten,Hujan Lebat,RENDAH
10/11/2022 14.00.00,Banjir,Malang Kota,Hujan Lebat,RENDAH
09/11/2022 17.00.30,Banjir,Ponorogo Kabupaten,Hujan Lebat,RENDAH
09/11/2022 15.00.00,Banjir,Ponorogo Kabupaten,Hujan Lebat,RENDAH
08/11/2022 21.45.00,Banjir,Jombang Kabupaten,Hujan,SEDANG
08/11/2022 21.00.00,Banjir,Mojokerto Kabupaten,Hujan,RENDAH
07/11/2022 12.00.00,Banjir,Malang Kabupaten,Hujan Lebat,RENDAH
07/11/2022 09.30.00,Banjir,Lumajang Kabupaten,Hujan Lebat,SEDANG
06/11/2022 15.00.00,Banjir,Pacitan Kabupaten,Hujan Lebat,RENDAH
06/11/2022 02.30.00,Banjir,Trenggalek Kabupaten,Hujan Lebat,SEDANG
06/11/2022 01.00.00,Banjir,Trenggalek Kabupaten,Hujan Lebat,RENDAH
05/11/2022 23.00.00,Banjir,Tulungagung Kabupaten,Hujan Lebat,RENDAH
05/11/2022 19.15.00,Banjir,Trenggalek Kabupaten,Hujan Lebat,RENDAH
05/11/2022 15.30.00,Banjir,Malang Kota,Hujan Lebat,RENDAH
04/11/2022 17.30.00,Banjir,Bojonegoro Kabupaten,Hujan,RENDAH
04/11/2022 15.00.00,Banjir,Bojonegoro Kabupaten,Hujan,RENDAH
04/11/2022 14.45.00,Banjir,Ngawi Kabupaten,Hujan,RENDAH
04/11/2022 12.00.00,Banjir,Jember Kabupaten,Hujan Lebat,RENDAH
03/11/2022 19.00.00,Banjir,Lumajang Kabupaten,Hujan Lebat,RENDAH
03/11/2022 19.00.00,Banjir,Banyuwangi Kabupaten,Hujan Lebat,TINGGI
03/11/2022 19.00.00,Banjir dan Tanah Longsor,Malang Kabupaten,Hujan,SEDANG
03/11/2022 17.00.00,Banjir,Trenggalek Kabupaten,Hujan Lebat,SEDANG
02/11/2022 10.00.00,Banjir,Ngawi Kabupaten,Hujan Lebat,RENDAH
02/11/2022 08.00.00,Banjir,Banyuwangi Kabupaten,Hujan Ringan - Lebat,RENDAH
02/11/2022 05.00.00,Banjir,Madiun Kabupaten,Hujan Lebat,RENDAH
02/11/2022 03.30.00,Banjir,Banyuwangi Kabupaten,Hujan Ringan - Sedang,RENDAH
02/11/2022 02.00.00,Banjir,Mojokerto Kabupaten,Hujan Lebat,RENDAH
29/10/2022 02.00.00,Banjir,Batu Kota,Hujan Sedang - Lebat,RENDAH
27/10/2022 03.00.00,Banjir,Bangkalan Kabupaten,Hujan,RENDAH
26/10/2022 19.00.13,Banjir,Malang Kabupaten,Hujan Lebat,RENDAH
26/10/2022 03.00.00,Banjir,Bangkalan Kabupaten,Berawan - Hujan Ringan,RENDAH
26/10/2022 01.00.00,Banjir,Sampang Kabupaten,Hujan,RENDAH
25/10/2022 16.00.00,Banjir,Jember Kabupaten,Hujan Deras,RENDAH
25/10/2022 13.00.00,Banjir,Banyuwangi Kabupaten,Hujan,RENDAH
25/10/2022 06.30.00,Banjir,Gresik Kabupaten,Hujan Sedang - Lebat,RENDAH
24/10/2022 15.30.00,Banjir,Bojonegoro Kabupaten,Berawan,RENDAH
24/10/2022 05.25.00,Banjir,Mojokerto Kabupaten,Berawan,RENDAH
23/10/2022 21.50.00,Banjir,Lamongan Kabupaten,Hujan Lebat,RENDAH
23/10/2022 15.30.00,Banjir,Lamongan Kabupaten,Hujan Lebat,RENDAH
23/10/2022 15.30.00,Banjir,Malang Kabupaten,Cerah Berawan,RENDAH
23/10/2022 15.30.00,Banjir,Lamongan Kabupaten,Hujan Lebat,RENDAH
23/10/2022 14.00.00,Banjir,Banyuwangi Kabupaten,Hujan Lebat,RENDAH
23/10/2022 09.00.00,Banjir,Gresik Kabupaten,Berawan,SEDANG
22/10/2022 14.00.00,Banjir,Batu Kota,Hujan Sedang - Lebat,RENDAH
21/10/2022 21.30.43,Banjir,Jombang Kabupaten,Hujan Lebat,RENDAH
21/10/2022 18.00.58,Banjir,Tuban Kabupaten,Hujan Lebat,RENDAH
21/10/2022 18.00.00,Banjir,Ponorogo Kabupaten,Hujan Sedang - Lebat,RENDAH
21/10/2022 15.30.00,Banjir,Tulungagung Kabupaten,Hujan Sedang - Lebat,RENDAH
21/10/2022 14.30.25,Banjir,Tulungagung Kabupaten,Hujan Lebat,RENDAH
20/10/2022 18.30.19,Banjir,Nganjuk Kabupaten,Hujan Sedang,RENDAH
19/10/2022 13.42.31,Banjir,Ponorogo Kabupaten,Hujan,RENDAH
18/10/2022 18.00.00,Banjir,Tuban Kabupaten,Hujan,RENDAH
18/10/2022 09.25.00,Banjir,Banyuwangi Kabupaten,Berawan,RENDAH
18/10/2022 08.00.00,Banjir,Tulungagung Kabupaten,Hujan Lebat,SEDANG
18/10/2022 08.00.00,Banjir,Ponorogo Kabupaten,Hujan,RENDAH
18/10/2022 08.00.00,Banjir,Ponorogo Kabupaten,Hujan,RENDAH
18/10/2022 08.00.00,Banjir,Ponorogo Kabupaten,Hujan,RENDAH
18/10/2022 08.00.00,Banjir,Ponorogo Kabupaten,Hujan,RENDAH
18/10/2022 08.00.00,Banjir,Ponorogo Kabupaten,Hujan,RENDAH
18/10/2022 08.00.00,Banjir,Ponorogo Kabupaten,Hujan,RENDAH
18/10/2022 07.30.00,Banjir,Kediri Kabupaten,Hujan Lebat,RENDAH
18/10/2022 06.00.00,Banjir,Trenggalek Kabupaten,Hujan Lebat,TINGGI
18/10/2022 06.00.00,Banjir,Ponorogo Kabupaten,Hujan Lebat,RENDAH
18/10/2022 03.00.00,Banjir,Pacitan Kabupaten,Hujan Sedang,RENDAH
17/10/2022 12.00.00,Banjir,Lumajang Kabupaten,Hujan Lebat,SEDANG
17/10/2022 10.00.00,Banjir Bandang,Malang Kabupaten,Berawan - Hujan Sedang,SEDANG
17/10/2022 07.55.00,Banjir,Malang Kabupaten,Hujan,RENDAH
17/10/2022 07.30.00,Banjir,Malang Kabupaten,Hujan,RENDAH
17/10/2022 07.30.00,Banjir,Malang Kabupaten,Hujan,RENDAH
17/10/2022 07.30.00,Banjir dan Tanah Longsor,Malang Kabupaten,Hujan Lebat,RENDAH
17/10/2022 07.30.00,Banjir,Malang Kabupaten,Hujan Lebat,RENDAH
17/10/2022 05.30.00,Banjir,Banyuwangi Kabupaten,Hujan Ringan,SEDANG
17/10/2022 04.00.00,Banjir,Blitar Kabupaten,Hujan,TINGGI
17/10/2022 04.00.00,Banjir,Malang Kabupaten,Hujan Sedang-Lebat,SEDANG
17/10/2022 04.00.00,Banjir Bandang,Malang Kabupaten,Hujan Deras,SEDANG
16/10/2022 21.00.00,Banjir dan Tanah Longsor,Malang Kabupaten,Hujan Lebat,RENDAH
15/10/2022 08.00.00,Banjir,Banyuwangi Kabupaten,Hujan,SEDANG
15/10/2022 06.30.00,Banjir,Malang Kabupaten,Hujan Lebat,SEDANG
14/10/2022 19.00.00,Banjir,Bojonegoro Kabupaten,Hujan,RENDAH
13/10/2022 05.00.00,Banjir,Pacitan Kabupaten,Hujan Lebat,RENDAH
12/10/2022 08.00.00,Banjir,Pacitan Kabupaten,Hujan,RENDAH
12/10/2022 05.30.23,Banjir,Pacitan Kabupaten,Hujan Lebat,RENDAH
12/10/2022 05.30.00,Banjir,Pacitan Kabupaten,Hujan Sedang - Lebat,RENDAH
12/10/2022 02.30.00,Banjir,Trenggalek Kabupaten,Hujan Sedang - Lebat,RENDAH
11/10/2022 21.00.00,Banjir,Tulungagung Kabupaten,Hujan Lebat,RENDAH
11/10/2022 21.00.00,Banjir,Tulungagung Kabupaten,Hujan Lebat,RENDAH
11/10/2022 06.00.00,Banjir,Trenggalek Kabupaten,Hujan Sedang - Lebat,RENDAH
10/10/2022 15.30.00,Banjir,Blitar Kota,Hujan Lebat,RENDAH
10/10/2022 13.00.00,Banjir Bandang,Blitar Kabupaten,Hujan Lebat,RENDAH
10/10/2022 02.00.00,Banjir,Tulungagung Kabupaten,Hujan Lebat,SEDANG
09/10/2022 23.00.00,Banjir Bandang,Trenggalek Kabupaten,Hujan Lebat,RENDAH
09/10/2022 22.00.00,Banjir,Malang Kabupaten,Hujan,SEDANG
09/10/2022 03.00.00,Banjir,Malang Kabupaten,Hujan Lebat,RENDAH
08/10/2022 08.00.00,Banjir,Pacitan Kabupaten,Cerah Berawan,RENDAH
08/10/2022 08.00.00,Banjir,Pacitan Kabupaten,Hujan Sedang,RENDAH
08/10/2022 07.30.00,Banjir,Trenggalek Kabupaten,Hujan Lebat,RENDAH
08/10/2022 06.00.00,Banjir,Trenggalek Kabupaten,Cerah,SEDANG
08/10/2022 06.00.00,Banjir,Trenggalek Kabupaten,Hujan Lebat,RENDAH
08/10/2022 05.00.00,Banjir,Tulungagung Kabupaten,Berawan,SEDANG
08/10/2022 04.30.00,Banjir,Trenggalek Kabupaten,Hujan Sedang,RENDAH
08/10/2022 04.30.00,Banjir,Trenggalek Kabupaten,Hujan Lebat,RENDAH
08/10/2022 04.30.00,Banjir Bandang,Ponorogo Kabupaten,Hujan,RENDAH
08/10/2022 04.00.00,Banjir,Blitar Kabupaten,Hujan Sedang,RENDAH
08/10/2022 04.00.00,Banjir,Trenggalek Kabupaten,Berawan,RENDAH
08/10/2022 03.30.00,Banjir,Trenggalek Kabupaten,Hujan,RENDAH
08/10/2022 03.00.00,Banjir,Ponorogo Kabupaten,Hujan Lebat,RENDAH
08/10/2022 00.00.00,Banjir,Banyuwangi Kabupaten,Hujan Lebat,RENDAH
07/10/2022 18.00.00,Banjir,Batu Kota,Hujan Lebat,RENDAH
07/10/2022 18.00.00,Banjir,Batu Kota,Hujan Lebat,RENDAH
07/10/2022 18.00.00,Banjir,Batu Kota,Hujan Lebat,RENDAH
07/10/2022 18.00.00,Banjir,Lumajang Kabupaten,Hujan Lebat,SEDANG
07/10/2022 17.00.00,Banjir,Batu Kota,Hujan Lebat,RENDAH
07/10/2022 16.00.00,Banjir,Tulungagung Kabupaten,Hujan Lebat,RENDAH
06/10/2022 14.10.00,Banjir,Malang Kabupaten,Hujan Lebat,RENDAH
04/10/2022 02.00.38,Banjir,Malang Kabupaten,Hujan Lebat,RENDAH
03/10/2022 06.00.00,Banjir,Trenggalek Kabupaten,Berawan,RENDAH
03/10/2022 03.00.00,Banjir,Tulungagung Kabupaten,Berawan,RENDAH
02/10/2022 16.00.00,Banjir,Batu Kota,Hujan Lebat,RENDAH
01/10/2022 19.00.00,Banjir,Kediri Kota,Hujan Sedang - Lebat,RENDAH
01/10/2022 16.30.00,Banjir,Banyuwangi Kabupaten,Hujan Lebat,RENDAH
26/09/2022 11.15.19,Banjir,Trenggalek Kabupaten,Hujan Lebat,RENDAH
26/09/2022 11.00.00,Banjir,Pacitan Kabupaten,Hujan Lebat,RENDAH
15/09/2022 10.19.39,Banjir,Trenggalek Kabupaten,Hujan,RENDAH
11/09/2022 15.00.00,Banjir,Malang Kabupaten,Hujan ringan,RENDAH
11/09/2022 14.00.00,Banjir,Banyuwangi Kabupaten,Hujan,RENDAH
11/09/2022 03.00.06,Banjir,Lumajang Kabupaten,Hujan Lebat,SEDANG
14/08/2022 23.00.00,Banjir,Pasuruan Kabupaten,Hujan Lebat,RENDAH
13/08/2022 11.00.00,Banjir Rob,Pasuruan Kota,Cerah Berawan,RENDAH
15/07/2022 11.20.00,Banjir Rob,Pasuruan Kota,Cerah,RENDAH
15/07/2022 10.30.00,Banjir Rob,Gresik Kabupaten,Cerah,SEDANG
15/07/2022 08.30.00,Banjir Rob,Pasuruan Kabupaten,Berawan,RENDAH
14/07/2022 09.35.00,Banjir Rob,Pasuruan Kota,Cerah Berawan,SEDANG
14/07/2022 09.00.00,Banjir Rob,Probolinggo Kabupaten,Cerah Berawan,RENDAH
13/07/2022 09.15.19,Banjir Rob,Gresik Kabupaten,Berawan,RENDAH
13/07/2022 07.30.07,Banjir Rob,Probolinggo Kabupaten,Cerah Berawan,RENDAH
11/07/2022 02.00.00,Banjir,Banyuwangi Kabupaten,Hujan Lebat,RENDAH
06/07/2022 09.30.00,Banjir,Banyuwangi Kabupaten,Berawan,RENDAH
06/07/2022 04.00.00,Banjir,Gresik Kabupaten,Hujan Lebat,RENDAH
06/07/2022 03.00.00,Banjir,Sidoarjo Kabupaten,Hujan Sedang,RENDAH
06/07/2022 02.00.00,Banjir,Lamongan Kabupaten,Hujan Lebat,RENDAH
06/07/2022 01.00.00,Banjir,Gresik Kabupaten,Hujan Lebat,SEDANG
02/07/2022 11.38.56,Banjir,Lumajang Kabupaten,Hujan Sedang - Lebat,RENDAH
30/06/2022 10.40.00,Banjir Rob,Probolinggo Kabupaten,Cerah Berawan,RENDAH
29/06/2022 09.00.00,Banjir Rob,Probolinggo Kabupaten,Cerah Berawan,RENDAH
28/06/2022 08.15.00,Banjir Rob,Probolinggo Kabupaten,Cerah Berawan,RENDAH
19/06/2022 02.00.00,Banjir,Banyuwangi Kabupaten,Hujan Lebat,RENDAH
17/06/2022 17.00.29,Banjir,Malang Kota,Hujan Lebat,RENDAH
17/06/2022 10.00.00,Banjir Rob,Gresik Kabupaten,Berawan,RENDAH
16/06/2022 10.00.00,Banjir Rob,Probolinggo Kabupaten,Cerah Berawan,RENDAH
16/06/2022 10.00.00,Banjir Rob,Sampang Kabupaten,Cerah Berawan,RENDAH
16/06/2022 10.00.00,Banjir Rob,Gresik Kabupaten,Cerah Berawan,RENDAH
16/06/2022 09.00.00,Banjir Rob,Situbondo Kabupaten,Berawan,SEDANG
15/06/2022 15.00.06,Banjir Rob,Gresik Kabupaten,Berawan,RENDAH
15/06/2022 10.00.00,Banjir Rob,Probolinggo Kabupaten,Berawan,RENDAH
15/06/2022 09.00.00,Banjir Rob,Probolinggo Kabupaten,Berawan,RENDAH
13/06/2022 08.54.17,Banjir Rob,Pasuruan Kota,Hujan Lebat,RENDAH
13/06/2022 05.20.59,Banjir,Sidoarjo Kabupaten,Hujan Lebat,RENDAH
09/06/2022 15.00.00,Banjir,Jember Kabupaten,Hujan Lebat.,RENDAH
08/06/2022 14.00.00,Banjir,Lumajang Kabupaten,Hujan Lebat,RENDAH
03/06/2022 12.25.00,Banjir Rob,Gresik Kabupaten,Cerah,RENDAH
01/06/2022 23.00.00,Banjir,Ponorogo Kabupaten,Berawan,RENDAH
01/06/2022 02.30.00,Banjir,Jember Kabupaten,Hujan,RENDAH
01/06/2022 02.00.00,Banjir,Jember Kabupaten,Hujan Lebat,RENDAH
01/06/2022 02.00.00,Banjir,Probolinggo Kabupaten,Berawan,RENDAH
31/05/2022 23.30.00,Banjir,Ponorogo Kabupaten,Berawan - Hujan Ringan,RENDAH
31/05/2022 23.00.00,Banjir,Ponorogo Kabupaten,Berawan,RENDAH
31/05/2022 20.00.00,Banjir,Probolinggo Kota,Hujan Ringan,RENDAH
27/05/2022 05.30.00,Banjir,Gresik Kabupaten,Hujan Lebat,RENDAH
26/05/2022 18.40.00,Banjir,Sumenep Kabupaten,Berawan,SEDANG
26/05/2022 14.00.00,Banjir,Pacitan Kabupaten,Berawan,RENDAH
26/05/2022 12.00.00,Banjir,Probolinggo Kabupaten,Hujan Lebat,SEDANG
26/05/2022 07.30.00,Banjir,Probolinggo Kota,Hujan Lebat,RENDAH
23/05/2022 11.55.43,Banjir Rob,Tuban Kabupaten,Berawan,RENDAH
20/05/2022 15.00.00,Banjir,Jember Kabupaten,Hujan Lebat,RENDAH
20/05/2022 13.00.00,Banjir Rob,Banyuwangi Kabupaten,Cerah Berawan,RENDAH
19/05/2022 11.30.25,Banjir Rob,Bangkalan Kabupaten,Hujan Lebat,RENDAH
19/05/2022 11.00.00,Banjir Rob,Pasuruan Kota,Cerah Berawan,RENDAH
19/05/2022 10.00.00,Banjir Rob,Gresik Kabupaten,Cerah Berawan,RENDAH
19/05/2022 09.30.00,Banjir Rob,Banyuwangi Kabupaten,Cerah,RENDAH
19/05/2022 09.00.00,Banjir Rob,Tuban Kabupaten,Cerah Berawan,RENDAH
18/05/2022 11.00.00,Banjir Rob,Sidoarjo Kabupaten,Berawan,RENDAH
18/05/2022 10.30.19,Banjir Rob,Gresik Kabupaten,Berawan,RENDAH
18/05/2022 10.10.26,Banjir Rob,Pasuruan Kota,Cerah,RENDAH
18/05/2022 10.00.00,Banjir Rob,Banyuwangi Kabupaten,Hujan Sedang,RENDAH
17/05/2022 19.00.45,Banjir Rob,Pasuruan Kabupaten,Cerah,RENDAH
16/05/2022 09.00.35,Banjir Rob,Sumenep Kabupaten,Cerah,RENDAH
09/05/2022 22.00.00,Banjir,Pasuruan Kabupaten,Hujan Sedang,SEDANG
08/05/2022 21.30.20,Banjir,Lamongan Kabupaten,Hujan Lebat,SEDANG
08/05/2022 18.30.00,Banjir,Bojonegoro Kabupaten,Hujan Sedang,RENDAH
06/05/2022 16.30.00,Banjir,Batu Kota,Hujan,RENDAH
27/04/2022 00.00.00,Banjir,Situbondo Kabupaten,Hujan Lebat,SEDANG
25/04/2022 15.00.41,Banjir,Kediri Kabupaten,Hujan Lebat,RENDAH
21/04/2022 18.00.35,Banjir,Mojokerto Kabupaten,Hujan Lebat,RENDAH
20/04/2022 19.30.00,Banjir,Lumajang Kabupaten,Hujan Lebat,SEDANG
20/04/2022 13.30.00,Banjir,Blitar Kabupaten,Hujan Lebat,RENDAH
20/04/2022 11.27.15,Banjir,Batu Kota,Hujan Lebat,RENDAH
19/04/2022 18.30.32,Banjir,Blitar Kabupaten,Berawan - Hujan Ringan,RENDAH
19/04/2022 18.30.00,Banjir,Mojokerto Kabupaten,Berawan,RENDAH
19/04/2022 16.00.00,Banjir,Mojokerto Kabupaten,Hujan Ringan,RENDAH
19/04/2022 14.30.00,Banjir,Jember Kabupaten,Hujan Sedang,RENDAH
19/04/2022 14.00.00,Banjir,Malang Kota,Hujan Sedang,SEDANG
19/04/2022 13.30.00,Banjir,Jombang Kabupaten,Hujan Lebat,RENDAH
16/04/2022 13.50.00,Banjir,Malang Kota,Hujan Lebat,SEDANG
08/04/2022 15.00.00,Banjir,Malang Kota,Hujan Lebat,SEDANG
08/04/2022 14.30.00,Banjir,Batu Kota,Hujan Lebat,RENDAH
08/04/2022 12.30.00,Banjir,Pasuruan Kabupaten,Hujan Lebat,RENDAH
04/04/2022 19.30.00,Banjir,Malang Kabupaten,Hujan,RENDAH
04/04/2022 14.00.36,Banjir,Malang Kota,Hujan Lebat,RENDAH
01/04/2022 15.00.00,Banjir,Pasuruan Kota,Hujan,RENDAH
01/04/2022 13.36.00,Banjir,Tuban Kabupaten,Hujan,RENDAH
31/03/2022 17.00.00,Banjir,Pasuruan Kota,Hujan Lebat,RENDAH
31/03/2022 14.00.00,Banjir,Sidoarjo Kabupaten,Hujan Lebat,RENDAH
28/03/2022 22.50.00,Banjir,Pasuruan Kota,Hujan Lebat,SEDANG
28/03/2022 22.33.02,Banjir,Probolinggo Kabupaten,Hujan Lebat,RENDAH
28/03/2022 22.10.00,Banjir,Pasuruan Kabupaten,Hujan Lebat,SEDANG
28/03/2022 18.30.33,Banjir,Pasuruan Kabupaten,Hujan Lebat,SEDANG
28/03/2022 18.00.48,Banjir,Lumajang Kabupaten,Hujan Lebat,RENDAH
27/03/2022 16.00.00,Banjir,Tulungagung Kabupaten,Hujan Sedang - Lebat,RENDAH
27/03/2022 14.00.00,Banjir,Pasuruan Kabupaten,Hujan Lebat,RENDAH
26/03/2022 15.55.00,Banjir,Blitar Kota,Berawan,RENDAH
25/03/2022 00.00.00,Banjir,Lumajang Kabupaten,Hujan Lebat,RENDAH
24/03/2022 23.00.24,Banjir,Banyuwangi Kabupaten,Hujan Lebat,RENDAH
24/03/2022 21.30.01,Banjir,Pasuruan Kabupaten,Hujan Lebat,RENDAH
23/03/2022 17.00.00,Banjir,Pasuruan Kota,Hujan Sedang - Lebat,RENDAH
22/03/2022 13.20.00,Banjir,Banyuwangi Kabupaten,Hujan,RENDAH
21/03/2022 23.12.18,Banjir,Lumajang Kabupaten,Hujan Lebat,RENDAH
21/03/2022 22.15.32,Banjir,Jember Kabupaten,Hujan Lebat,RENDAH
21/03/2022 19.00.00,Banjir,Banyuwangi Kabupaten,Hujan Lebat,RENDAH
21/03/2022 16.00.10,Banjir,Pasuruan Kabupaten,Hujan Lebat,RENDAH
21/03/2022 16.00.00,Banjir,Trenggalek Kabupaten,Hujan Lebat,RENDAH
21/03/2022 15.00.00,Banjir,Pasuruan Kabupaten,Hujan Lebat,RENDAH
21/03/2022 14.10.46,Banjir,Banyuwangi Kabupaten,Hujan Lebat,TINGGI
21/03/2022 12.00.44,Banjir,Banyuwangi Kabupaten,Hujan Lebat,RENDAH
21/03/2022 12.00.34,Banjir,Pasuruan Kota,Hujan Lebat,RENDAH
21/03/2022 11.30.18,Banjir,Jember Kabupaten,Hujan Lebat,RENDAH
20/03/2022 18.00.41,Banjir,Mojokerto Kabupaten,Hujan Lebat,RENDAH
20/03/2022 17.45.00,Banjir,Pasuruan Kota,Hujan Intensitas Tinggi,RENDAH
20/03/2022 16.00.00,Banjir,Bojonegoro Kabupaten,Hujan Lebat,RENDAH
19/03/2022 17.45.00,Banjir,Bojonegoro Kabupaten,Hujan Sedang - Lebat,SEDANG
18/03/2022 16.00.00,Banjir,Malang Kota,hujan,RENDAH
17/03/2022 21.00.00,Banjir,Ponorogo Kabupaten,Hujan Lebat,RENDAH
16/03/2022 19.30.00,Banjir,Lumajang Kabupaten,Hujan Lebat,RENDAH
16/03/2022 14.00.06,Banjir,Madiun Kabupaten,Hujan Lebat,RENDAH
16/03/2022 08.30.00,Banjir,Ngawi Kabupaten,Hujan Lebat,RENDAH
15/03/2022 20.00.00,Banjir,Jember Kabupaten,Hujan Sedang,RENDAH
15/03/2022 19.30.00,Banjir,Nganjuk Kabupaten,Hujan Lebat,RENDAH
15/03/2022 18.00.00,Banjir,Madiun Kabupaten,Hujan Ringan - Sedang,RENDAH
15/03/2022 17.00.00,Banjir,Blitar Kabupaten,Hujan Ringan,RENDAH
15/03/2022 16.00.00,Banjir,Blitar Kabupaten,Hujan Lebat,RENDAH
15/03/2022 16.00.00,Banjir,Blitar Kabupaten,Hujan Lebat,RENDAH
15/03/2022 15.30.00,Banjir,Blitar Kota,Hujan Lebat,RENDAH
15/03/2022 14.00.00,Banjir,Ponorogo Kabupaten,Hujan Lebat,RENDAH
15/03/2022 03.30.00,Banjir,Pasuruan Kabupaten,Hujan Lebat,RENDAH
14/03/2022 20.00.00,Banjir,Lumajang Kabupaten,Hujan,RENDAH
14/03/2022 18.30.00,Banjir,Probolinggo Kabupaten,Berawan,RENDAH
14/03/2022 15.45.00,Banjir,Gresik Kabupaten,Berawan,RENDAH
14/03/2022 15.30.00,Banjir,Jember Kabupaten,Hujan,SEDANG
14/03/2022 15.00.00,Banjir,Malang Kabupaten,Hujan,TINGGI
14/03/2022 06.46.21,Banjir,Lumajang Kabupaten,Hujan,RENDAH
13/03/2022 04.00.00,Banjir,Mojokerto Kabupaten,Hujan Lebat,RENDAH
11/03/2022 14.26.41,Banjir,Gresik Kabupaten,Hujan Lebat,SEDANG
11/03/2022 12.30.00,Banjir,Gresik Kabupaten,Hujan Sedang - Lebat,RENDAH
11/03/2022 08.50.00,Banjir,Jombang Kabupaten,Cerah Berawan,SEDANG
11/03/2022 07.00.32,Banjir,Mojokerto Kabupaten,Hujan Lebat,RENDAH
10/03/2022 20.00.10,Banjir,Jombang Kabupaten,Hujan Lebat,RENDAH
10/03/2022 20.00.00,Banjir,Sidoarjo Kabupaten,Hujan Lebat,RENDAH
10/03/2022 19.43.03,Banjir,Pasuruan Kota,Hujan Lebat,RENDAH
10/03/2022 18.13.00,Banjir Bandang,Tuban Kabupaten,Hujan Sedang,SEDANG
10/03/2022 18.00.06,Banjir,Surabaya Kota,Hujan Lebat,RENDAH
10/03/2022 18.00.00,Banjir,Sidoarjo Kabupaten,Hujan Lebat,RENDAH
10/03/2022 15.30.07,Banjir,Pamekasan Kabupaten,Hujan Lebat,RENDAH
10/03/2022 15.00.00,Banjir,Jombang Kabupaten,Berawan,SEDANG
10/03/2022 15.00.00,Banjir,Madiun Kabupaten,Hujan Lebat,RENDAH
09/03/2022 19.00.00,Banjir,Mojokerto Kabupaten,Hujan Ringan,RENDAH
09/03/2022 18.30.00,Banjir,Mojokerto Kabupaten,Hujan Lebat,RENDAH
09/03/2022 15.35.00,Banjir,Madiun Kabupaten,Berawan,RENDAH
08/03/2022 21.30.32,Banjir,Pasuruan Kabupaten,Hujan Lebat,SEDANG
08/03/2022 19.57.42,Banjir,Pasuruan Kota,Hujan Lebat,SEDANG
08/03/2022 17.00.00,Banjir,Lumajang Kabupaten,Hujan Lebat,RENDAH
08/03/2022 15.30.11,Banjir,Malang Kabupaten,Hujan Lebat,RENDAH
08/03/2022 14.00.14,Banjir,Gresik Kabupaten,Hujan Lebat,RENDAH
08/03/2022 14.00.00,Banjir,Nganjuk Kabupaten,Hujan Lebat,RENDAH
06/03/2022 16.00.00,Banjir,Pasuruan Kabupaten,Berawan,SEDANG
04/03/2022 16.00.25,Banjir,Probolinggo Kabupaten,Hujan Lebat,RENDAH
04/03/2022 16.00.00,Banjir,Pasuruan Kabupaten,Hujan Deras,RENDAH
03/03/2022 19.30.00,Banjir,Probolinggo Kabupaten,Hujan Ringan - Lebat,RENDAH
03/03/2022 17.00.00,Banjir,Sidoarjo Kabupaten,Hujan Ringan,RENDAH
03/03/2022 15.30.00,Banjir,Pasuruan Kabupaten,Hujan Lebat,SEDANG
03/03/2022 11.00.00,Banjir,Gresik Kabupaten,Hujan Lebat,SEDANG
02/03/2022 17.00.00,Banjir,Probolinggo Kabupaten,Hujan,RENDAH
02/03/2022 17.00.00,Banjir,Mojokerto Kabupaten,Berawan,RENDAH
02/03/2022 14.00.00,Banjir,Probolinggo Kabupaten,Hujan Lebat,SEDANG
01/03/2022 15.02.53,Banjir,Sampang Kabupaten,Hujan,SEDANG
01/03/2022 09.00.02,Banjir,Pamekasan Kabupaten,Hujan Ringan - Lebat,SEDANG
01/03/2022 06.00.41,Banjir,Bangkalan Kabupaten,Hujan Lebat,SEDANG
01/03/2022 05.00.00,Banjir,Lamongan Kabupaten,Hujan,RENDAH
01/03/2022 03.00.10,Banjir,Lamongan Kabupaten,Hujan,RENDAH
27/02/2022 18.30.00,Banjir,Mojokerto Kota,Hujan,RENDAH
26/02/2022 18.30.00,Banjir,Mojokerto Kabupaten,Hujan,RENDAH
26/02/2022 18.30.00,Banjir,Mojokerto Kabupaten,Hujan,RENDAH
26/02/2022 18.30.00,Banjir,Nganjuk Kabupaten,Hujan,RENDAH
26/02/2022 18.00.00,Banjir,Ngawi Kabupaten,Hujan,RENDAH
26/02/2022 16.30.00,Banjir,Mojokerto Kabupaten,Hujan Ringan,RENDAH
26/02/2022 16.00.00,Banjir,Pasuruan Kabupaten,Hujan,SEDANG
26/02/2022 11.00.00,Banjir,Pamekasan Kabupaten,Hujan,RENDAH
25/02/2022 22.30.00,Banjir,Pasuruan Kota,Hujan Sedang - Lebat,SEDANG
25/02/2022 22.30.00,Banjir,Pasuruan Kota,Hujan Sedang - Lebat,RENDAH
25/02/2022 18.30.00,Banjir,Pasuruan Kota,Hujan Lebat,SEDANG
25/02/2022 16.40.00,Banjir,Pasuruan Kabupaten,Hujan Lebat,SEDANG
21/02/2022 15.30.00,Banjir,Surabaya Kota,Hujan Sangat Lebat,RENDAH
19/02/2022 15.50.00,Banjir,Kediri Kota,Hujan Lebat,RENDAH
19/02/2022 14.30.00,Banjir,Magetan Kabupaten,Hujan Sedang,RENDAH
18/02/2022 14.00.00,Banjir,Banyuwangi Kabupaten,Berawan,RENDAH
18/02/2022 14.00.00,Banjir,Pasuruan Kota,Berawan,RENDAH
18/02/2022 06.30.00,Banjir,Tuban Kabupaten,Hujan Ringan,RENDAH
15/02/2022 19.00.00,Banjir,Bojonegoro Kabupaten,Berawan - Hujan Lebat,RENDAH
15/02/2022 13.36.00,Banjir,Probolinggo Kabupaten,Berawan - Hujan Sedang,RENDAH
14/02/2022 21.00.00,Banjir,Ponorogo Kabupaten,Hujan,RENDAH
14/02/2022 08.00.06,Banjir,Ponorogo Kabupaten,Berawan,RENDAH
13/02/2022 20.30.00,Banjir,Magetan Kabupaten,Hujan,RENDAH
13/02/2022 18.00.00,Banjir,Pacitan Kabupaten,Hujan,RENDAH
13/02/2022 18.00.00,Banjir,Ponorogo Kabupaten,Hujan,RENDAH
13/02/2022 16.30.00,Banjir,Sidoarjo Kabupaten,Berawan,RENDAH
13/02/2022 02.30.00,Banjir,Ponorogo Kabupaten,Hujan,RENDAH
13/02/2022 02.00.00,Banjir,Sidoarjo Kabupaten,Hujan,SEDANG
12/02/2022 23.00.00,Banjir,Pasuruan Kabupaten,Berawan,SEDANG
12/02/2022 21.35.00,Banjir,Pasuruan Kota,Hujan Lebat,SEDANG
12/02/2022 21.30.49,Banjir,Pasuruan Kabupaten,Hujan Lebat,TINGGI
12/02/2022 21.30.41,Banjir,Pasuruan Kota,Hujan Lebat,SEDANG
12/02/2022 21.30.00,Banjir,Pasuruan Kota,Hujan Lebat,RENDAH
12/02/2022 21.00.54,Banjir,Ponorogo Kabupaten,Hujan Lebat,RENDAH
12/02/2022 17.30.14,Banjir,Nganjuk Kabupaten,Hujan Lebat,RENDAH
12/02/2022 16.35.13,Banjir,Madiun Kabupaten,Hujan Lebat,RENDAH
11/02/2022 23.00.00,Banjir,Pamekasan Kabupaten,Hujan Sedang-Lebat,RENDAH
10/02/2022 16.30.00,Banjir,Pasuruan Kabupaten,Hujan,RENDAH
10/02/2022 16.00.00,Banjir,Sumenep Kabupaten,Hujan,SEDANG
10/02/2022 02.00.00,Banjir,Gresik Kabupaten,Hujan,SEDANG
09/02/2022 22.30.00,Banjir,Mojokerto Kabupaten,Hujan,SEDANG
09/02/2022 16.00.00,Banjir,Bojonegoro Kabupaten,Hujan Lebat,RENDAH
06/02/2022 20.00.00,Banjir Bandang,Magetan Kabupaten,Berawan,RENDAH
06/02/2022 17.30.00,Banjir,Probolinggo Kabupaten,Hujan,SEDANG
06/02/2022 16.00.00,Banjir,Pasuruan Kabupaten,Hujan,SEDANG
06/02/2022 16.00.00,Banjir,Pasuruan Kabupaten,Hujan,SEDANG
06/02/2022 15.45.00,Banjir,Jember Kabupaten,Hujan lebat,RENDAH
06/02/2022 15.30.00,Banjir,Pasuruan Kota,Hujan,SEDANG
06/02/2022 15.30.00,Banjir,Mojokerto Kabupaten,Hujan,SEDANG
06/02/2022 14.00.00,Banjir,Pasuruan Kabupaten,Hujan,TINGGI
05/02/2022 16.00.00,Banjir,Pasuruan Kabupaten,Berawan,RENDAH
05/02/2022 16.00.00,Banjir,Pasuruan Kabupaten,Berawan,RENDAH
02/02/2022 18.00.00,Banjir,Bojonegoro Kabupaten,Hujan Lebat,RENDAH
02/02/2022 02.00.00,Banjir,Bangkalan Kabupaten,Cerah Berawan,RENDAH
02/02/2022 02.00.00,Banjir,Bangkalan Kabupaten,Berawan,RENDAH
31/01/2022 16.30.00,Banjir,Lamongan Kabupaten,Hujan Lebat,RENDAH
31/01/2022 15.45.00,Banjir,Blitar Kota,Hujan Lebat,RENDAH
29/01/2022 19.30.00,Banjir,Mojokerto Kabupaten,Hujan Ringan,SEDANG
28/01/2022 18.00.00,Banjir,Gresik Kabupaten,Hujan Lebat,RENDAH
28/01/2022 16.42.00,Banjir,Jember Kabupaten,Hujan Lebat,RENDAH
28/01/2022 15.39.00,Banjir,Pamekasan Kabupaten,Hujan Sedang,RENDAH
26/01/2022 14.20.00,Banjir,Jember Kabupaten,Berawan,RENDAH
25/01/2022 15.30.00,Banjir,Jember Kabupaten,Berawan,RENDAH
25/01/2022 13.30.00,Banjir,Lumajang Kabupaten,Berawan,RENDAH
24/01/2022 09.30.00,Banjir,Gresik Kabupaten,Hujan Lebat,RENDAH
22/01/2022 18.00.00,Banjir,Nganjuk Kabupaten,Hujan Intensitas Tinggi,RENDAH
21/01/2022 08.30.00,Banjir,Jombang Kabupaten,Berawan,SEDANG
20/01/2022 20.30.00,Banjir,Mojokerto Kota,Berawan,RENDAH
20/01/2022 20.00.00,Banjir,Mojokerto Kabupaten,Hujan Lebat,RENDAH
20/01/2022 20.00.00,Banjir,Mojokerto Kabupaten,Hujan lebat,RENDAH
20/01/2022 19.30.00,Banjir,Pasuruan Kota,Hujan Lebat,RENDAH
20/01/2022 19.00.00,Banjir,Jombang Kabupaten,Hujan Lebat,SEDANG
20/01/2022 18.00.00,Banjir,Jember Kabupaten,Hujan Lebat,SEDANG
20/01/2022 15.30.00,Banjir,Kediri Kabupaten,Hujan Lebat,RENDAH
20/01/2022 15.00.00,Banjir,Jombang Kabupaten,Cerah,RENDAH
20/01/2022 08.00.00,Banjir,Lamongan Kabupaten,Cerah Berawan,RENDAH
19/01/2022 16.35.00,Banjir,Madiun Kabupaten,Hujan,SEDANG
19/01/2022 15.30.00,Banjir,Jember Kabupaten,Hujan,RENDAH
19/01/2022 15.30.00,Banjir,Pasuruan Kabupaten,Hujan Lebat,SEDANG
19/01/2022 15.15.00,Banjir,Nganjuk Kabupaten,Hujan,RENDAH
19/01/2022 12.00.00,Banjir,Lamongan Kabupaten,Hujan Lebat,SEDANG
19/01/2022 12.00.00,Banjir,Lamongan Kabupaten,Hujan Lebat,RENDAH
18/01/2022 15.45.00,Banjir,Malang Kota,Hujan Lebat,RENDAH
18/01/2022 15.00.00,Banjir,Bondowoso Kabupaten,Hujan Lebat,RENDAH
18/01/2022 14.00.00,Banjir,Pasuruan Kota,Hujan,RENDAH
18/01/2022 13.00.00,Banjir,Jombang Kabupaten,Hujan Lebat,RENDAH
17/01/2022 18.30.00,Banjir,Probolinggo Kabupaten,Hujan,RENDAH
17/01/2022 17.10.00,Banjir,Jember Kabupaten,Berawan,SEDANG
17/01/2022 17.00.00,Banjir,Probolinggo Kabupaten,Hujan,RENDAH
15/01/2022 16.30.00,Banjir,Pasuruan Kabupaten,Hujan Lebat,TINGGI
15/01/2022 16.20.00,Banjir,Pasuruan Kabupaten,Hujan Lebat,RENDAH
15/01/2022 14.40.00,Banjir,Lumajang Kabupaten,Hujan Lebat,RENDAH
14/01/2022 20.00.00,Banjir,Jember Kabupaten,Hujan Ringan,SEDANG
14/01/2022 14.00.00,Banjir,Jember Kabupaten,Hujan Deras,RENDAH
13/01/2022 19.00.00,Banjir,Kediri Kabupaten,Hujan Lebat,RENDAH
13/01/2022 16.00.00,Banjir,Madiun Kabupaten,Berawan,RENDAH
12/01/2022 15.30.00,Banjir,Trenggalek Kabupaten,Hujan Lebat,RENDAH
11/01/2022 23.00.00,Banjir,Jombang Kabupaten,Hujan Ringan,RENDAH
11/01/2022 18.00.00,Banjir,Nganjuk Kabupaten,Hujan Intensitas Sedang,SEDANG
11/01/2022 17.30.00,Banjir,Ngawi Kabupaten,Hujan,RENDAH
11/01/2022 17.30.00,Banjir,Pasuruan Kota,Hujan Lebat,RENDAH
11/01/2022 16.00.00,Banjir,Situbondo Kabupaten,Hujan Deras,RENDAH
10/01/2022 21.30.00,Banjir,Mojokerto Kabupaten,Hujan Sedang - Lebat,RENDAH
10/01/2022 20.47.00,Banjir,Pasuruan Kota,Hujan Lebat,RENDAH
10/01/2022 19.00.00,Banjir,Pasuruan Kabupaten,Hujan Ringan,SEDANG
09/01/2022 23.00.00,Banjir,Pasuruan Kota,Hujan Lebat,RENDAH
09/01/2022 18.00.00,Banjir,Lumajang Kabupaten,Hujan Ringan,RENDAH
09/01/2022 17.00.00,Banjir,Mojokerto Kabupaten,Hujan Ringan,SEDANG
09/01/2022 16.00.00,Banjir,Bondowoso Kabupaten,Hujan Ringan,RENDAH
09/01/2022 15.00.00,Banjir,Jember Kabupaten,Berawan,TINGGI
09/01/2022 13.00.00,Banjir,Pasuruan Kabupaten,Hujan Ringan,TINGGI
08/01/2022 01.00.00,Banjir,Pamekasan Kabupaten,Hujan Lebat,RENDAH
07/01/2022 06.00.00,Banjir,Bangkalan Kabupaten,Hujan Lebat,SEDANG
05/01/2022 04.40.00,Banjir,Bangkalan Kabupaten,Hujan Lebat,RENDAH
04/01/2022 23.30.00,Banjir Rob,Pasuruan Kota,Berawan,RENDAH
03/01/2022 03.00.00,Banjir,Lumajang Kabupaten,Hujan Lebat,SEDANG
02/01/2022 21.00.00,Banjir,Pasuruan Kota,Berawan,RENDAH
02/01/2022 12.30.00,Banjir,Pasuruan Kabupaten,Hujan Lebat,RENDAH
02/01/2022 11.00.00,Banjir,Lumajang Kabupaten,Hujan Lebat,SEDANG
01/01/2022 20.00.00,Banjir,Nganjuk Kabupaten,Hujan Ringan,RENDAH
01/01/2022 15.00.00,Banjir,Trenggalek Kabupaten,Berawan,RENDAH
31/12/2021 13.00.00,Banjir,Pamekasan Kabupaten,Hujan Lebat,RENDAH
29/12/2021 08.00.00,Banjir,Bojonegoro Kabupaten,Berawan,SEDANG
28/12/2021 02.00.00,Banjir,Bojonegoro Kabupaten,Cerah,TINGGI
27/12/2021 16.00.00,Banjir,Bojonegoro Kabupaten,Hujan Lebat,RENDAH
23/12/2021 21.00.00,Banjir,Ponorogo Kabupaten,Hujan Lebat,RENDAH
23/12/2021 18.20.00,Banjir,Nganjuk Kabupaten,Hujan Lebat,RENDAH
23/12/2021 17.00.00,Banjir,Magetan Kabupaten,Hujan Lebat,RENDAH
23/12/2021 16.00.00,Banjir,Madiun Kabupaten,Hujan Lebat,TINGGI
23/12/2021 13.30.00,Banjir,Batu Kota,Hujan Lebat,RENDAH
20/12/2021 18.35.00,Banjir,Kediri Kota,Hujan Lebat,RENDAH
20/12/2021 17.50.00,Banjir,Nganjuk Kabupaten,Hujan Lebat,RENDAH
20/12/2021 05.00.00,Banjir,Lumajang Kabupaten,Berawan,RENDAH
18/12/2021 15.30.00,Banjir,Kediri Kabupaten,Hujan Sedang - Lebat,RENDAH
18/12/2021 01.15.00,Banjir,Ponorogo Kabupaten,Berawan,RENDAH
18/12/2021 01.00.00,Banjir,Ponorogo Kabupaten,Hujan Lebat,RENDAH
17/12/2021 22.30.00,Banjir,Ponorogo Kabupaten,Hujan Ringan,RENDAH
17/12/2021 22.00.00,Banjir,Ponorogo Kabupaten,Hujan Sedang - Lebat,RENDAH
17/12/2021 06.52.00,Banjir,Madiun Kabupaten,Berawan,RENDAH
16/12/2021 17.00.00,Banjir,Madiun Kabupaten,Hujan Lebat,RENDAH
15/12/2021 23.05.00,Banjir,Madiun Kabupaten,Hujan Lebat,RENDAH
15/12/2021 21.00.00,Banjir,Situbondo Kabupaten,Hujan Lebat,TINGGI
15/12/2021 20.00.00,Banjir,Lamongan Kabupaten,Berawan,TINGGI
15/12/2021 19.29.00,Banjir,Jember Kabupaten,Hujan Lebat,RENDAH
15/12/2021 18.47.00,Banjir,Madiun Kabupaten,Hujan Lebat,RENDAH
15/12/2021 18.30.00,Banjir,Pasuruan Kabupaten,Hujan Lebat,RENDAH
13/12/2021 19.30.00,Banjir,Jember Kabupaten,Cerah,SEDANG
13/12/2021 11.00.00,Banjir,Lamongan Kabupaten,Cerah,RENDAH
12/12/2021 12.51.00,Banjir,Gresik Kabupaten,Hujan Sedang,SEDANG
10/12/2021 19.00.00,Banjir,Nganjuk Kabupaten,Berawan,RENDAH
09/12/2021 00.00.00,Banjir,Sidoarjo Kabupaten,Hujan Lebat,RENDAH
08/12/2021 20.20.00,Banjir,Pasuruan Kota,Hujan Lebat,RENDAH
08/12/2021 19.00.00,Banjir,Nganjuk Kabupaten,Hujan Lebat,RENDAH
07/12/2021 18.00.00,Banjir,Mojokerto Kabupaten,Berawan,RENDAH
06/12/2021 21.40.00,Banjir Rob,Banyuwangi Kabupaten,Berawan,SEDANG
06/12/2021 00.10.00,Banjir,Malang Kabupaten,Hujan Lebat,RENDAH
05/12/2021 03.00.00,Banjir,Sampang Kabupaten,Hujan Sedang,RENDAH
05/12/2021 02.00.00,Banjir,Sidoarjo Kabupaten,Hujan Sedang,SEDANG
04/12/2021 18.40.00,Banjir Rob,Pasuruan Kota,Berawan,SEDANG
04/12/2021 16.00.00,Banjir,Sumenep Kabupaten,Berawan,RENDAH
04/12/2021 15.30.00,Banjir,Tuban Kabupaten,Cerah,RENDAH
04/12/2021 15.00.00,Banjir,Pasuruan Kabupaten,Berawan,SEDANG
04/12/2021 13.00.00,Banjir,Bondowoso Kabupaten,Berawan,RENDAH
04/12/2021 11.30.00,Banjir,Gresik Kabupaten,Hujan Lebat,RENDAH
04/12/2021 11.30.00,Banjir,Jember Kabupaten,Hujan Sedang - Lebat,RENDAH
03/12/2021 22.30.00,Banjir Rob,Pasuruan Kota,Berawan,SEDANG
03/12/2021 11.35.00,Banjir,Lamongan Kabupaten,Hujan Lebat,TINGGI
03/12/2021 06.30.00,Banjir,Bangkalan Kabupaten,Hujan Lebat,TINGGI
03/12/2021 02.00.00,Banjir,Sampang Kabupaten,Hujan Lebat,SEDANG
02/12/2021 19.00.00,Banjir,Bojonegoro Kabupaten,Hujan Lebat,RENDAH
01/12/2021 18.00.00,Banjir,Probolinggo Kabupaten,Hujan Lebat,RENDAH
01/12/2021 17.30.00,Banjir,Probolinggo Kota,Berawan,RENDAH
01/12/2021 14.00.00,Banjir,Jember Kabupaten,Hujan,SEDANG
30/11/2021 18.00.00,Banjir,Mojokerto Kabupaten,Hujan Lebat,RENDAH
30/11/2021 15.00.00,Banjir,Jember Kabupaten,Berawan,RENDAH
30/11/2021 14.00.00,Banjir,Batu Kota,Hujan Ringan - Sedang,RENDAH
30/11/2021 07.00.00,Banjir,Sidoarjo Kabupaten,Berawan,RENDAH
30/11/2021 02.30.00,Banjir,Pasuruan Kota,Hujan Lebat,TINGGI
29/11/2021 11.30.00,Banjir,Sampang Kabupaten,Hujan Lebat,RENDAH
28/11/2021 20.00.00,Banjir,Gresik Kabupaten,Hujan Lebat,RENDAH
28/11/2021 19.29.00,Banjir,Sampang Kabupaten,Hujan Lebat,RENDAH
28/11/2021 08.41.00,Banjir,Madiun Kabupaten,Cerah Berawan,RENDAH
27/11/2021 20.00.00,Banjir,Ponorogo Kabupaten,Berawan,RENDAH
27/11/2021 15.30.00,Banjir,Bojonegoro Kabupaten,Berawan,RENDAH
27/11/2021 15.00.00,Banjir,Pasuruan Kabupaten,Berawan,RENDAH
27/11/2021 15.00.00,Banjir,Madiun Kabupaten,Berawan,RENDAH
27/11/2021 14.30.00,Banjir,Bojonegoro Kabupaten,Berawan,SEDANG
27/11/2021 14.00.00,Banjir,Pamekasan Kabupaten,Berawan,RENDAH
27/11/2021 13.00.00,Banjir,Mojokerto Kabupaten,Cerah,RENDAH
26/11/2021 21.24.00,Banjir,Lamongan Kabupaten,Berawan,RENDAH
26/11/2021 20.00.00,Banjir,Lamongan Kabupaten,Berawan,RENDAH
26/11/2021 14.30.00,Banjir,Bojonegoro Kabupaten,Hujan Lebat,RENDAH
26/11/2021 09.30.00,Banjir,Gresik Kabupaten,Hujan Lebat,RENDAH
25/11/2021 17.00.00,Banjir,Pasuruan Kabupaten,Berawan,RENDAH
25/11/2021 15.30.00,Banjir,Jombang Kabupaten,Hujan Lebat,RENDAH
25/11/2021 13.30.00,Banjir,Probolinggo Kota,Berawan,RENDAH
25/11/2021 10.30.00,Banjir,Tuban Kabupaten,Hujan Lebat,RENDAH
24/11/2021 16.30.00,Banjir,Jember Kabupaten,Hujan Lebat,RENDAH
24/11/2021 14.30.00,Banjir,Ponorogo Kabupaten,Berawan,RENDAH
24/11/2021 02.00.00,Banjir,Madiun Kabupaten,Berawan,RENDAH
23/11/2021 18.28.00,Banjir,Pasuruan Kabupaten,Hujan Lebat,RENDAH
23/11/2021 18.00.00,Banjir,Sidoarjo Kabupaten,Hujan Lebat,RENDAH
23/11/2021 17.33.00,Banjir,Magetan Kabupaten,Hujan lebat,RENDAH
23/11/2021 15.00.00,Banjir,Pasuruan Kabupaten,Hujan Lebat,RENDAH
22/11/2021 16.00.00,Banjir,Blitar Kabupaten,Cerah,RENDAH
21/11/2021 23.10.00,Banjir,Gresik Kabupaten,Hujan Sedang,SEDANG
19/11/2021 23.30.00,Banjir,Ngawi Kabupaten,Hujan Lebat,RENDAH
19/11/2021 19.40.00,Banjir Bandang,Bojonegoro Kabupaten,Hujan lebat,SEDANG
19/11/2021 19.00.00,Banjir,Bojonegoro Kabupaten,Hujan Lebat,RENDAH
19/11/2021 18.00.00,Banjir,Madiun Kabupaten,Hujan Sedang - Lebat,RENDAH
19/11/2021 18.00.00,Banjir,Ponorogo Kabupaten,Hujan Lebat,RENDAH
19/11/2021 18.00.00,Banjir,Ponorogo Kabupaten,Hujan Lebat,RENDAH
19/11/2021 16.00.00,Banjir,Banyuwangi Kabupaten,Hujan Lebat,RENDAH
18/11/2021 17.40.00,Banjir,Jember Kabupaten,Hujan Lebat,SEDANG
18/11/2021 13.25.00,Banjir,Ponorogo Kabupaten,Hujan Sedang - Lebat,RENDAH
18/11/2021 03.00.00,Banjir,Tulungagung Kabupaten,Hujan Lebat,RENDAH
17/11/2021 20.00.00,Banjir,Trenggalek Kabupaten,Hujan Lebat,RENDAH
17/11/2021 17.00.00,Banjir,Trenggalek Kabupaten,Hujan Lebat,RENDAH
17/11/2021 16.00.00,Banjir,Malang Kabupaten,Hujan Lebat,RENDAH
17/11/2021 15.30.00,Banjir,Trenggalek Kabupaten,Hujan Sedang,RENDAH
16/11/2021 16.30.00,Banjir,Trenggalek Kabupaten,Hujan Sedang - Lebat,RENDAH
15/11/2021 11.00.00,Banjir,Jember Kabupaten,Hujan,RENDAH
14/11/2021 17.30.00,Banjir,Blitar Kabupaten,Hujan Lebat,RENDAH
14/11/2021 14.00.00,Banjir,Banyuwangi Kabupaten,Hujan Lebat,RENDAH
14/09/2021 21.43.00,Banjir,Lumajang Kabupaten,Berawan,RENDAH
14/09/2021 07.00.00,Banjir,Trenggalek Kabupaten,Berawan,RENDAH
11/09/2021 07.00.00,Banjir Rob,Lumajang Kabupaten,Cerah,RENDAH
12/08/2021 07.00.00,Banjir Rob,Trenggalek Kabupaten,Berawan,RENDAH
08/08/2021 21.00.00,Banjir,Ngawi Kabupaten,Hujan Deras,RENDAH
05/08/2021 23.27.00,Banjir,Malang Kabupaten,Hujan,RENDAH
11/07/2021 10.30.00,Banjir Rob,Situbondo Kabupaten,Cerah,RENDAH
28/06/2021 20.38.00,Banjir,Jombang Kabupaten,Hujan,RENDAH
25/06/2021 00.14.00,Banjir,Mojokerto Kabupaten,Hujan ringan,RENDAH
24/06/2021 19.00.00,Banjir,Pamekasan Kabupaten,Cerah berawan,SEDANG
24/06/2021 18.00.00,Banjir,Blitar Kabupaten,Hujan ringan,SEDANG
17/06/2021 00.47.36,Banjir,Gresik Kabupaten,Berawan,RENDAH
16/06/2021 19.00.00,Banjir,Malang Kabupaten,Hujan Sedang,RENDAH
09/06/2021 07.00.00,Banjir,Banyuwangi Kabupaten,Cerah,SEDANG
28/05/2021 16.00.00,Banjir Rob,Probolinggo Kabupaten,Hujan,RENDAH
27/05/2021 08.00.00,Banjir Rob,Situbondo Kabupaten,Cerah,RENDAH
26/03/2021 03.00.00,Banjir,Gresik Kabupaten,Berawan,SEDANG
25/03/2021 20.00.00,Banjir,Nganjuk Kabupaten,Berawan,SEDANG
25/03/2021 18.00.00,Banjir,Magetan Kabupaten,Hujan,RENDAH
25/03/2021 15.20.00,Banjir,Batu Kota,Hujan,RENDAH
25/03/2021 14.00.00,Banjir,Jember Kabupaten,Berawan,RENDAH
25/03/2021 07.00.00,Banjir,Gresik Kabupaten,Hujan,SEDANG
25/03/2021 04.00.00,Banjir,Madiun Kabupaten,Cerah,RENDAH
23/03/2021 21.00.00,Banjir,Gresik Kabupaten,Hujan,RENDAH
23/03/2021 19.00.00,Banjir,Nganjuk Kabupaten,Hujan,RENDAH
23/03/2021 18.00.00,Banjir,Jombang Kabupaten,Cerah,RENDAH
23/03/2021 15.00.00,Banjir,Jombang Kabupaten,Hujan,SEDANG
22/03/2021 16.30.00,Banjir,Malang Kota,Hujan,RENDAH
19/03/2021 17.03.00,Banjir,Jember Kabupaten,Hujan,RENDAH
19/03/2021 13.45.00,Banjir,Blitar Kota,Hujan,RENDAH
18/03/2021 18.00.00,Banjir,Madiun Kota,Hujan,RENDAH
18/03/2021 16.23.00,Banjir,Blitar Kota,Berawan,RENDAH
17/03/2021 12.00.00,Banjir,Gresik Kabupaten,Hujan Deras,SEDANG
16/03/2021 23.30.00,Banjir Bandang,Magetan Kabupaten,Berawan,SEDANG
16/03/2021 14.30.00,Banjir,Kediri Kabupaten,Hujan Deras,SEDANG
15/03/2021 21.00.00,Banjir,Malang Kabupaten,Hujan,RENDAH
15/03/2021 17.00.00,Banjir,Trenggalek Kabupaten,Hujan,RENDAH
14/03/2021 18.30.00,Banjir,Madiun Kabupaten,Hujan Sedang - Lebat,RENDAH
14/03/2021 18.00.00,Banjir,Bojonegoro Kabupaten,Hujan Intensitas Tinggi,SEDANG
13/03/2021 21.30.00,Banjir,Pasuruan Kota,Hujan,SEDANG
13/03/2021 18.00.00,Banjir,Gresik Kabupaten,Berawan,SEDANG
12/03/2021 21.00.00,Banjir,Gresik Kabupaten,Hujan lebat,TINGGI
12/03/2021 19.00.00,Banjir,Mojokerto Kabupaten,Hujan intensitas sedang,SEDANG
12/03/2021 18.30.00,Banjir,Lamongan Kabupaten,Hujan intensitas tinggi,SEDANG
12/03/2021 15.30.00,Banjir,Magetan Kabupaten,Hujan intensitas tinggi,RENDAH
12/03/2021 14.30.00,Banjir,Bojonegoro Kabupaten,Hujan intensitas tinggi,RENDAH
11/03/2021 21.00.00,Banjir,Pasuruan Kota,Hujan,SEDANG
11/03/2021 16.21.00,Banjir,Pamekasan Kabupaten,Hujan,RENDAH
11/03/2021 15.00.00,Banjir,Jombang Kabupaten,Hujan,RENDAH
11/03/2021 12.00.00,Banjir,Trenggalek Kabupaten,Hujan,RENDAH
11/03/2021 12.00.00,Banjir,Pasuruan Kabupaten,Hujan,SEDANG
10/03/2021 16.00.00,Banjir,Pasuruan Kabupaten,Hujan,SEDANG
10/03/2021 15.16.00,Banjir,Probolinggo Kabupaten,Hujan Deras,SEDANG
10/03/2021 15.00.00,Banjir,Probolinggo Kota,Hujan Deras,SEDANG
08/03/2021 23.30.00,Banjir,Kediri Kabupaten,Cerah,RENDAH
08/03/2021 23.00.00,Banjir,Kediri Kabupaten,Berawan,SEDANG
08/03/2021 23.00.00,Banjir,Kediri Kabupaten,Cerah,SEDANG
08/03/2021 23.00.00,Banjir,Kediri Kabupaten,Cerah,SEDANG
08/03/2021 19.00.00,Banjir,Probolinggo Kabupaten,Hujan Ringan,SEDANG
08/03/2021 17.00.00,Banjir,Probolinggo Kota,Hujan Ringan,SEDANG
08/03/2021 16.00.00,Banjir,Magetan Kabupaten,Hujan Ringan,RENDAH
08/03/2021 14.00.00,Banjir,Malang Kabupaten,Hujan Ringan,RENDAH
07/03/2021 23.00.00,Banjir,Batu Kota,Hujan,RENDAH
07/03/2021 19.30.00,Banjir,Lumajang Kabupaten,Hujan,SEDANG
07/03/2021 19.00.00,Banjir,Pasuruan Kota,Hujan,SEDANG
07/03/2021 16.30.00,Banjir,Mojokerto Kabupaten,Hujan,RENDAH
07/03/2021 16.00.00,Banjir,Madiun Kabupaten,Hujan,RENDAH
07/03/2021 15.27.00,Banjir,Ponorogo Kabupaten,Hujan,RENDAH
07/03/2021 13.00.00,Banjir,Pasuruan Kabupaten,Hujan,SEDANG
07/03/2021 12.30.00,Banjir,Lumajang Kabupaten,Hujan,RENDAH
06/03/2021 15.00.00,Banjir,Bojonegoro Kabupaten,Hujan Deras,RENDAH
05/03/2021 04.30.00,Banjir,Gresik Kabupaten,Hujan,SEDANG
04/03/2021 12.00.00,Banjir,Sumenep Kabupaten,Hujan Ringan,SEDANG
03/03/2021 20.00.00,Banjir,Pasuruan Kota,Hujan,SEDANG
03/03/2021 16.00.00,Banjir,Kediri Kabupaten,Hujan,RENDAH
03/03/2021 14.30.00,Banjir,Ponorogo Kabupaten,Hujan,RENDAH
03/03/2021 05.18.58,Banjir,Pasuruan Kabupaten,Hujan,RENDAH
03/03/2021 05.00.00,Banjir,Bojonegoro Kabupaten,Hujan,RENDAH
02/03/2021 18.30.00,Banjir,Jombang Kabupaten,Hujan Deras,SEDANG
02/03/2021 18.00.00,Banjir,Madiun Kabupaten,Hujan Sedang,RENDAH
02/03/2021 15.19.00,Banjir,Kediri Kota,Hujan Lebat,RENDAH
02/03/2021 14.30.00,Banjir,Bojonegoro Kabupaten,Hujan Lebat,SEDANG
02/03/2021 12.00.00,Banjir,Banyuwangi Kabupaten,Hujan Deras,RENDAH
28/02/2021 03.20.00,Banjir,Probolinggo Kabupaten,Berawan,SEDANG
27/02/2021 21.00.00,Banjir,Pasuruan Kota,Hujan,SEDANG
27/02/2021 21.00.00,Banjir,Lumajang Kabupaten,Hujan,SEDANG
27/02/2021 20.00.00,Banjir,Lumajang Kabupaten,Hujan Ringan,SEDANG
27/02/2021 16.00.00,Banjir,Pamekasan Kabupaten,Hujan,SEDANG
27/02/2021 16.00.00,Banjir,Situbondo Kabupaten,Hujan,SEDANG
27/02/2021 15.00.00,Banjir,Lumajang Kabupaten,Hujan sedang,SEDANG
27/02/2021 12.10.00,Banjir Bandang,Probolinggo Kabupaten,Hujan,SEDANG
27/02/2021 09.30.00,Banjir,Lumajang Kabupaten,Hujan,SEDANG
26/02/2021 17.30.00,Banjir,Jember Kabupaten,Hujan Sedang - Tinggi,RENDAH
26/02/2021 17.00.00,Banjir,Jember Kabupaten,Hujan Deras,SEDANG
26/02/2021 17.00.00,Banjir,Jember Kabupaten,Hujan,SEDANG
26/02/2021 16.00.00,Banjir,Probolinggo Kota,Hujan Deras,SEDANG
26/02/2021 15.00.00,Banjir,Probolinggo Kabupaten,Hujan Deras,SEDANG
25/02/2021 18.15.00,Banjir,Jombang Kabupaten,Hujan,SEDANG
20/02/2021 19.00.00,Banjir,Mojokerto Kabupaten,Cerah Berawan,RENDAH
19/02/2021 13.00.00,Banjir,Trenggalek Kabupaten,Hujan,RENDAH
18/02/2021 20.30.00,Banjir,Jember Kabupaten,Hujan,SEDANG
18/02/2021 17.30.00,Banjir,Jember Kabupaten,Hujan,RENDAH
18/02/2021 07.00.00,Banjir,Mojokerto Kabupaten,Hujan,RENDAH
18/02/2021 03.30.00,Banjir,Gresik Kabupaten,Berawan,SEDANG
17/02/2021 20.00.00,Banjir,Ponorogo Kabupaten,Berawan,RENDAH
17/02/2021 16.00.00,Banjir,Pasuruan Kabupaten,Hujan Ringan,SEDANG
16/02/2021 22.00.00,Banjir,Mojokerto Kabupaten,Berawan,SEDANG
16/02/2021 21.15.00,Banjir,Ponorogo Kabupaten,Hujan Intensitas Tinggi,RENDAH
16/02/2021 20.00.00,Banjir,Ponorogo Kabupaten,Berawan,RENDAH
15/02/2021 17.30.00,Banjir,Ponorogo Kabupaten,Hujan,RENDAH
15/02/2021 17.00.00,Banjir,Sidoarjo Kabupaten,Hujan,RENDAH
15/02/2021 16.30.00,Banjir,Ponorogo Kabupaten,Hujan,RENDAH
15/02/2021 16.30.00,Banjir,Ponorogo Kabupaten,Hujan,RENDAH
15/02/2021 16.30.00,Banjir,Ponorogo Kabupaten,Hujan,RENDAH
15/02/2021 16.30.00,Banjir,Ponorogo Kabupaten,Hujan,RENDAH
15/02/2021 16.30.00,Banjir,Ponorogo Kabupaten,Hujan,RENDAH
15/02/2021 16.00.00,Banjir,Probolinggo Kabupaten,Hujan,RENDAH
15/02/2021 15.00.00,Banjir,Sidoarjo Kabupaten,Hujan,RENDAH
15/02/2021 14.00.00,Banjir,Sidoarjo Kabupaten,Hujan,SEDANG
14/02/2021 21.30.00,Banjir,Mojokerto Kabupaten,Hujan Deras,RENDAH
14/02/2021 21.00.00,Banjir,Jombang Kabupaten,Hujan Deras,SEDANG
14/02/2021 20.00.00,Banjir,Jombang Kabupaten,Hujan Deras,SEDANG
14/02/2021 18.30.00,Banjir,Nganjuk Kabupaten,Hujan Lebat,TINGGI
14/02/2021 18.00.00,Banjir,Pasuruan Kabupaten,Hujan Lebat,TINGGI
14/02/2021 15.53.00,Banjir,Pasuruan Kota,Hujan Lebat,RENDAH
14/02/2021 15.00.00,Banjir,Jombang Kabupaten,Hujan Deras,SEDANG
14/02/2021 06.06.08,Banjir Bandang,Madiun Kabupaten,Hujan Lebat,SEDANG
14/02/2021 01.00.00,Banjir,Situbondo Kabupaten,Hujan Lebat,RENDAH
12/02/2021 19.30.00,Banjir,Nganjuk Kabupaten,Hujan,RENDAH
12/02/2021 17.30.00,Banjir,Bojonegoro Kabupaten,Hujan,RENDAH
12/02/2021 16.15.00,Banjir Bandang,Lumajang Kabupaten,Hujan,RENDAH
10/02/2021 15.00.00,Banjir,Lumajang Kabupaten,Hujan,SEDANG
08/02/2021 19.00.00,Banjir,Banyuwangi Kabupaten,Berawan,SEDANG
08/02/2021 18.00.00,Banjir,Sidoarjo Kabupaten,,RENDAH
08/02/2021 16.58.00,Banjir,Jember Kabupaten,Hujan Ringan,RENDAH
08/02/2021 15.20.00,Banjir,Lumajang Kabupaten,Hujan,RENDAH
07/02/2021 15.17.00,Banjir,Mojokerto Kabupaten,Hujan,SEDANG
05/02/2021 16.00.00,Banjir,Jember Kabupaten,Hujan Lebat,TINGGI
05/02/2021 14.04.00,Banjir,Jember Kabupaten,Hujan,RENDAH
05/02/2021 09.30.00,Banjir,Lumajang Kabupaten,Hujan,RENDAH
04/02/2021 18.20.00,Banjir,Blitar Kota,Hujan Sedang,RENDAH
04/02/2021 18.20.00,Banjir,Blitar Kota,Hujan Sedang,RENDAH
04/02/2021 17.00.00,Banjir,Blitar Kota,Hujan Deras,RENDAH
04/02/2021 16.00.00,Banjir,Jombang Kabupaten,Hujan,TINGGI
04/02/2021 12.28.30,Banjir,Blitar Kota,Hujan Sedang,RENDAH
04/02/2021 07.15.00,Banjir,Situbondo Kabupaten,Hujan,RENDAH
04/02/2021 04.35.00,Banjir,Trenggalek Kabupaten,Hujan,RENDAH
03/02/2021 23.00.00,Banjir,Jombang Kabupaten,Hujan,SEDANG
03/02/2021 21.09.00,Banjir,Kediri Kota,Hujan,RENDAH
03/02/2021 20.30.00,Banjir,Mojokerto Kabupaten,Hujan,RENDAH
03/02/2021 19.30.00,Banjir,Pasuruan Kabupaten,Hujan,TINGGI
03/02/2021 19.29.00,Banjir,Ponorogo Kabupaten,Hujan,RENDAH
03/02/2021 19.00.00,Banjir,Jombang Kabupaten,Hujan,SEDANG
03/02/2021 19.00.00,Banjir,Pasuruan Kota,Hujan,SEDANG
03/02/2021 19.00.00,Banjir,Pasuruan Kota,Hujan,SEDANG
03/02/2021 16.00.00,Banjir,Banyuwangi Kabupaten,Hujan,RENDAH
03/02/2021 15.30.00,Banjir,Banyuwangi Kabupaten,Hujan,RENDAH
03/02/2021 15.00.00,Banjir,Nganjuk Kabupaten,Hujan,SEDANG
03/02/2021 13.00.00,Banjir Bandang,Blitar Kabupaten,Hujan,RENDAH
03/02/2021 13.00.00,Banjir,Blitar Kabupaten,Hujan,RENDAH
03/02/2021 05.15.54,Banjir,Jombang Kabupaten,Hujan,SEDANG
02/02/2021 18.00.00,Banjir Bandang,Jombang Kabupaten,Hujan dengan intensitas Tinggi,SEDANG
01/02/2021 20.30.00,Banjir,Jombang Kabupaten,Berawan,SEDANG
01/02/2021 20.00.00,Banjir,Jombang Kabupaten,Berawan,SEDANG
01/02/2021 18.30.00,Banjir,Mojokerto Kabupaten,Hujan Ringan - Sedang,RENDAH
01/02/2021 18.30.00,Banjir Bandang,Jombang Kabupaten,Berawan,TINGGI
01/02/2021 17.00.00,Banjir,Jember Kabupaten,Hujan,SEDANG
01/02/2021 15.30.00,Banjir Bandang,Bondowoso Kabupaten,Hujan,SEDANG
01/02/2021 14.00.00,Banjir,Situbondo Kabupaten,Hujan Lebat,SEDANG
01/02/2021 00.25.00,Banjir,Jombang Kabupaten,Hujan,RENDAH
31/01/2021 18.35.00,Banjir,Mojokerto Kabupaten,Hujan,RENDAH
31/01/2021 16.00.00,Banjir,Situbondo Kabupaten,Hujan,RENDAH
31/01/2021 14.00.00,Banjir,Banyuwangi Kabupaten,Hujan,SEDANG
29/01/2021 21.00.00,Banjir Rob,Situbondo Kabupaten,Hujan Lebat,SEDANG
29/01/2021 16.00.00,Banjir,Jember Kabupaten,Hujan,TINGGI
29/01/2021 05.30.00,Banjir,Mojokerto Kabupaten,Hujan Lebat,RENDAH
28/01/2021 19.00.00,Banjir,Malang Kabupaten,Berawan,RENDAH
28/01/2021 16.40.00,Banjir,Probolinggo Kabupaten,Berawan,SEDANG
28/01/2021 14.00.00,Banjir,Banyuwangi Kabupaten,Hujan,RENDAH
28/01/2021 13.30.00,Banjir,Probolinggo Kota,Hujan Ringan - Sedang,SEDANG
28/01/2021 00.30.00,Banjir,Mojokerto Kabupaten,Hujan tinggi,RENDAH
27/01/2021 20.52.00,Banjir,Jombang Kabupaten,Hujan deras,SEDANG
27/01/2021 18.00.00,Banjir,Mojokerto Kabupaten,Hujan Tinggi,RENDAH
27/01/2021 16.08.00,Banjir,Madiun Kabupaten,Hujan Deras,RENDAH
27/01/2021 04.00.00,Banjir,Jember Kabupaten,Hujan Lebat,RENDAH
26/01/2021 16.00.00,Banjir,Bojonegoro Kabupaten,Hujan lebat,SEDANG
25/01/2021 17.00.00,Banjir,Jombang Kabupaten,Berawan,RENDAH
25/01/2021 10.00.00,Banjir,Gresik Kabupaten,Hujan intensitas tinggi,SEDANG
25/01/2021 09.20.00,Banjir,Sampang Kabupaten,Hujan intensitas sedang,RENDAH
24/01/2021 19.30.00,Banjir,Mojokerto Kabupaten,Hujan,RENDAH
24/01/2021 19.00.00,Banjir,Tuban Kabupaten,Berawan - Hujan Ringan,SEDANG
24/01/2021 17.30.00,Banjir,Tuban Kabupaten,Hujan,RENDAH
24/01/2021 16.00.00,Banjir,Tuban Kabupaten,Hujan,SEDANG
24/01/2021 15.30.00,Banjir,Tuban Kabupaten,Berawan,RENDAH
24/01/2021 13.00.00,Banjir,Tuban Kabupaten,Hujan,RENDAH
22/01/2021 12.30.00,Banjir,Situbondo Kabupaten,Hujan,RENDAH
22/01/2021 10.00.00,Banjir,Bojonegoro Kabupaten,Hujan,TINGGI
21/01/2021 14.50.00,Banjir,Situbondo Kabupaten,Hujan,RENDAH
21/01/2021 14.14.00,Banjir,Tuban Kabupaten,Hujan,SEDANG
21/01/2021 02.00.00,Banjir,Jombang Kabupaten,Cerah berawan,RENDAH
20/01/2021 20.00.00,Banjir,Bojonegoro Kabupaten,Hujan Ringan,TINGGI
20/01/2021 18.50.00,Banjir,Bojonegoro Kabupaten,Hujan,SEDANG
20/01/2021 18.30.00,Banjir,Jombang Kabupaten,Berawan,RENDAH
20/01/2021 18.00.00,Banjir,Mojokerto Kabupaten,Hujan,RENDAH
20/01/2021 18.00.00,Banjir,Bojonegoro Kabupaten,Berawan,SEDANG
20/01/2021 18.00.00,Banjir,Jombang Kabupaten,Berawan,SEDANG
20/01/2021 18.00.00,Banjir,Bojonegoro Kabupaten,Hujan,SEDANG
20/01/2021 15.30.00,Banjir,Tuban Kabupaten,Berawan,SEDANG
20/01/2021 15.00.00,Banjir,Sumenep Kabupaten,Berawan,SEDANG
18/01/2021 21.00.00,Banjir,Ngawi Kabupaten,Hujan,RENDAH
18/01/2021 18.00.00,Banjir,Jombang Kabupaten,Hujan,RENDAH
18/01/2021 17.00.00,Banjir,Pasuruan Kabupaten,Hujan,RENDAH
18/01/2021 16.52.00,Banjir,Magetan Kabupaten,Hujan,RENDAH
17/01/2021 22.00.00,Banjir,Mojokerto Kabupaten,Hujan,RENDAH
17/01/2021 19.30.00,Banjir,Mojokerto Kabupaten,Hujan,RENDAH
17/01/2021 19.00.00,Banjir,Jombang Kabupaten,Hujan,RENDAH
17/01/2021 19.00.00,Banjir,Sidoarjo Kabupaten,Hujan,SEDANG
17/01/2021 17.30.00,Banjir,Mojokerto Kabupaten,Hujan,RENDAH
16/01/2021 16.00.00,Banjir,Sidoarjo Kabupaten,Berawan,TINGGI
15/01/2021 01.00.00,Banjir,Gresik Kabupaten,Berawan,SEDANG
14/01/2021 09.30.00,Banjir,Jember Kabupaten,Cerah Berawan,TINGGI
13/01/2021 22.00.00,Banjir Rob,Probolinggo Kabupaten,Cerah,SEDANG
13/01/2021 21.45.00,Banjir Rob,Pasuruan Kota,Cerah Berawan,SEDANG
13/01/2021 17.30.00,Banjir,Jombang Kabupaten,Cerah berawan,RENDAH
12/01/2021 23.00.00,Banjir,Jember Kabupaten,Hujan ringan,SEDANG
12/01/2021 20.30.00,Banjir,Bojonegoro Kabupaten,Hujan,RENDAH
12/01/2021 18.00.00,Banjir,Malang Kabupaten,Hujan,RENDAH
12/01/2021 16.15.00,Banjir,Jember Kabupaten,Hujan,RENDAH
12/01/2021 15.30.00,Banjir,Malang Kabupaten,Hujan Sedang - Lebat,RENDAH
12/01/2021 15.00.00,Banjir,Malang Kota,Hujan Lebat,SEDANG
12/01/2021 14.00.00,Banjir Bandang,Jember Kabupaten,Berawan,SEDANG
11/01/2021 19.00.00,Banjir,Ponorogo Kabupaten,Hujan,RENDAH
11/01/2021 17.00.00,Banjir,Jember Kabupaten,Hujan,RENDAH
11/01/2021 16.00.00,Banjir,Tuban Kabupaten,Hujan,RENDAH
11/01/2021 14.30.00,Banjir,Batu Kota,Hujan,RENDAH
11/01/2021 13.02.00,Banjir,Pamekasan Kabupaten,Hujan,SEDANG
11/01/2021 08.30.00,Banjir,Gresik Kabupaten,Hujan,SEDANG
10/01/2021 21.11.00,Banjir,Sampang Kabupaten,Hujan,TINGGI
10/01/2021 21.00.00,Banjir,Pasuruan Kota,Hujan,SEDANG
10/01/2021 13.30.00,Banjir,Batu Kota,Hujan,RENDAH
10/01/2021 13.26.19,Banjir,Pasuruan Kabupaten,Hujan,SEDANG
10/01/2021 12.30.00,Banjir,Pamekasan Kabupaten,Hujan,RENDAH
10/01/2021 07.14.19,Banjir,Kediri Kabupaten,Hujan,RENDAH
10/01/2021 03.00.00,Banjir,Gresik Kabupaten,Hujan ringan,RENDAH
09/01/2021 21.00.00,Banjir,Tuban Kabupaten,Berawan,RENDAH
09/01/2021 15.00.00,Banjir,Bojonegoro Kabupaten,Berawan,SEDANG
09/01/2021 06.00.00,Banjir,Tuban Kabupaten,Hujan,TINGGI
09/01/2021 01.30.00,Banjir,Lamongan Kabupaten,Hujan,SEDANG
08/01/2021 21.30.00,Banjir,Tuban Kabupaten,Cerah,RENDAH
08/01/2021 21.00.00,Banjir,Bojonegoro Kabupaten,Hujan,SEDANG
08/01/2021 19.30.00,Banjir,Lamongan Kabupaten,Hujan,RENDAH
08/01/2021 16.30.00,Banjir,Nganjuk Kabupaten,Berawan,SEDANG
08/01/2021 16.20.00,Banjir,Sidoarjo Kabupaten,Berawan,SEDANG
08/01/2021 16.00.00,Banjir,Tuban Kabupaten,Hujan,SEDANG
08/01/2021 16.00.00,Banjir,Sidoarjo Kabupaten,Berawan,RENDAH
07/01/2021 22.00.00,Banjir,Gresik Kabupaten,Hujan,SEDANG
07/01/2021 20.30.00,Banjir,Jember Kabupaten,Cerah,SEDANG
07/01/2021 20.30.00,Banjir,Jember Kabupaten,Hujan,SEDANG
07/01/2021 17.00.00,Banjir,Tuban Kabupaten,Hujan Lebat,RENDAH
07/01/2021 16.30.00,Banjir,Mojokerto Kabupaten,Hujan,RENDAH
07/01/2021 16.00.00,Banjir,Sidoarjo Kabupaten,Hujan,RENDAH
07/01/2021 15.00.00,Banjir,Jombang Kabupaten,Hujan,SEDANG
07/01/2021 15.00.00,Banjir,Tuban Kabupaten,Cerah,RENDAH
07/01/2021 06.00.00,Banjir,Mojokerto Kabupaten,Hujan,SEDANG
07/01/2021 02.00.00,Banjir Bandang,Malang Kabupaten,Hujan,RENDAH
06/01/2021 22.00.00,Banjir,Nganjuk Kabupaten,Hujan,SEDANG
06/01/2021 17.00.00,Banjir Bandang,Malang Kabupaten,Hujan,RENDAH
06/01/2021 16.00.00,Banjir,Kediri Kota,Hujan,RENDAH
06/01/2021 15.00.00,Banjir,Ponorogo Kabupaten,Hujan,RENDAH
06/01/2021 13.30.00,Banjir,Sumenep Kabupaten,Hujan,RENDAH
06/01/2021 06.46.10,Banjir,Malang Kabupaten,Hujan,RENDAH
05/01/2021 18.00.00,Banjir,Nganjuk Kabupaten,Hujan,RENDAH
05/01/2021 18.00.00,Banjir,Pasuruan Kota,Hujan,TINGGI
05/01/2021 17.30.00,Banjir,Ponorogo Kabupaten,Hujan,RENDAH
05/01/2021 16.00.00,Banjir,Situbondo Kabupaten,Hujan,SEDANG
05/01/2021 16.00.00,Banjir,Pasuruan Kabupaten,Hujan,SEDANG
05/01/2021 16.00.00,Banjir,Tuban Kabupaten,Hujan,RENDAH
04/01/2021 18.30.00,Banjir,Mojokerto Kabupaten,Hujan,SEDANG
04/01/2021 14.00.00,Banjir,Batu Kota,Berawan,RENDAH
03/01/2021 09.52.00,Banjir,Lamongan Kabupaten,Berawan,TINGGI
02/01/2021 22.00.00,Banjir,Jombang Kabupaten,Hujan Intensitas Sedang - Tinggi,SEDANG
02/01/2021 11.00.00,Banjir,Jombang Kabupaten,Cerah Berawan,RENDAH
01/01/2021 19.40.00,Banjir,Madiun Kabupaten,Hujan,RENDAH